Degree,FluxConvRates,FluxErrors,Mesh,NumCells,PostProcessedScalarErrors,PostProcessedScalarRates,ScalarConvRates,ScalarErrors
3,---,0.018058765211792338,1,8,0.0012745827135609024,---,---,0.016294826688407493
3,3.9173427353,0.001195226971852405,2,32,4.095855387395065e-05,4.9597164104,2.91267902218,0.0021639438736557135
3,3.98269413105,7.560316693347854e-05,3,128,1.2718603310923972e-06,5.00915262355,2.97782161916,0.00027468336758539996
3,3.99532423433,4.740537114180884e-06,4,512,3.963605788695592e-08,5.00398295757,2.99443600578,3.446809690896563e-05
3,3.99830292226,2.9663230037348765e-07,5,2048,1.2380292909841696e-09,5.00069612915,2.99860787882,4.312671596784451e-06
