Degree,FluxConvRates,FluxErrors,Mesh,NumCells,PostProcessedScalarErrors,PostProcessedScalarRates,ScalarConvRates,ScalarErrors
4,---,0.0025419552048767517,1,8,0.00014885534816029802,---,---,0.0028635549016451647
4,4.90564501637,8.480502665799119e-05,2,32,2.422515558524956e-06,5.94126131493,3.91910794726,0.00018929383316093574
4,4.97078286739,2.704374610473786e-06,3,128,3.819223339771921e-08,5.98708283305,3.97963954418,1.1999014854038406e-05
4,4.9902754572,8.508328527737844e-08,4,512,5.983434320165965e-10,5.99616168998,3.99490269141,7.525927860476754e-07
4,4.99641803047,2.6654623515853387e-09,5,2048,9.3791481614459e-12,5.99537307824,3.99872526923,4.7078628304135804e-08
