Degree,FluxConvRates,FluxErrors,Mesh,NumCells,PostProcessedScalarErrors,PostProcessedScalarRates,ScalarConvRates,ScalarErrors
3,---,0.018058765211791585,1,8,0.0012745827135607183,---,---,0.016294826688407493
3,3.9173427353,0.0011952269718523865,2,32,4.0958553873983234e-05,4.9597164104,2.91267902218,0.0021639438736557135
3,3.98269413105,7.560316693349165e-05,3,128,1.2718603311603898e-06,5.00915262347,2.97782161916,0.00027468336758540104
3,3.99532423437,4.740537114055627e-06,4,512,3.963605790045977e-08,5.00398295716,2.99443600578,3.44680969089652e-05
3,3.99830292287,2.9663230024048214e-07,5,2048,1.2380292876676915e-09,5.0006961335,2.99860787883,4.312671596784209e-06
3,3.99926632612,1.8548949323483715e-08,6,8192,3.868814398623609e-11,5.0000101151,2.99965190121,5.392140374592602e-07
