Degree,FluxConvRates,FluxErrors,Mesh,NumCells,PostProcessedScalarErrors,PostProcessedScalarRates,ScalarConvRates,ScalarErrors
4,---,0.002541955204873759,1,8,0.0001488553481595625,---,---,0.0028635549016451526
4,4.9056450165,8.480502665048854e-05,2,32,2.4225155573981822e-06,5.94126131559,3.91910794726,0.00018929383316092704
4,4.97078287395,2.704374597935291e-06,3,128,3.819223209783785e-08,5.98708288148,3.97963954418,1.199901485403748e-05
4,4.99027577662,8.508326604544278e-08,4,512,5.983423261433609e-10,5.99616430731,3.99490269141,7.525927860489259e-07
4,4.99643101527,2.6654377590497765e-09,5,2048,9.567687758161442e-12,5.9666570033,3.99872526812,4.707862834028275e-08
