Degree,FluxConvRates,FluxErrors,Mesh,NumCells,PostProcessedScalarErrors,PostProcessedScalarRates,ScalarConvRates,ScalarErrors
2,---,0.10754047187712797,1,8,0.012981428293811203,---,---,0.07394562907856918
2,2.87598280256,0.014649231670112837,2,32,0.000960439886555937,3.75660999655,1.92270966141,0.019503799644022678
2,2.9605363553,0.0018819349207693564,3,128,6.314510794328042e-05,3.92695244599,1.97802436423,0.0049507906395278335
2,2.98698153715,0.00023737422609436585,4,512,4.003874334314731e-06,3.97920236853,1.99426380046,0.0012426285798215837
2,2.9953255634,2.9768072892584838e-05,5,2048,2.512848298258308e-07,3.99400121159,1.99854908069,0.00031096973019780806
2,2.99814167787,3.725805197214867e-06,6,8192,1.5725223231086812e-08,3.99817117524,1.99963618392,7.776203995999415e-05
