Degree,FluxConvRates,FluxErrors,Mesh,NumCells,PostProcessedScalarErrors,PostProcessedScalarRates,ScalarConvRates,ScalarErrors
2,---,0.10717550082795803,1,8,0.012905180744605378,---,---,0.07385749236718837
2,2.8714356157,0.014645603445063266,2,32,0.0009589713831674122,3.75031877297,1.92109700513,0.019502340519285552
2,2.96020213103,0.0018819047395355194,3,128,6.312080608693497e-05,3.92530022959,1.97792305539,0.004950767899652345
2,2.98695985241,0.0002373739871179748,4,512,4.003488044396323e-06,3.97878622646,1.9942575855,0.0012426282252930155
2,2.99532420075,2.9768071040076633e-05,5,2048,2.512787851935151e-07,3.99389671936,1.99854869477,0.0003109697246619635
