Degree,FluxConvRates,FluxErrors,Mesh,NumCells,PostProcessedScalarErrors,PostProcessedScalarRates,ScalarConvRates,ScalarErrors
1,---,0.6323205278105931,1,8,0.11595417938454494,---,---,0.2578009600734783
1,1.78661561156,0.18327886692911158,2,32,0.03274489175487182,1.82421305354,0.965688381348,0.1320028661712137
1,1.94009808407,0.04776223855767179,3,128,0.008490577345165241,1.94733529883,1.00729565911,0.06566850861619242
1,1.98355233434,0.012077468761221151,4,512,0.002143734261786337,1.9857365782,1.00347884167,0.03275517483460895
1,1.99538860217,0.003029033668001439,5,2048,0.0005372975748810155,1.99633284829,1.00099128234,0.016366338167518982
