Degree,FluxConvRates,FluxErrors,Mesh,NumCells,PostProcessedScalarErrors,PostProcessedScalarRates,ScalarConvRates,ScalarErrors
2,---,0.10717550082795846,1,8,0.012905180744605378,---,---,0.07385749236718837
2,2.8714356157,0.014645603445063698,2,32,0.0009589713831674806,3.75031877296,1.92109700513,0.019502340519285555
2,2.96020213103,0.0018819047395357107,3,128,6.312080608693961e-05,3.92530022959,1.97792305539,0.004950767899652346
2,2.9869598524,0.00023737398711817385,4,512,4.003488044404202e-06,3.97878622646,1.9942575855,0.0012426282252930149
2,2.99532420072,2.9768071040648116e-05,5,2048,2.5127878521523075e-07,3.99389671924,1.99854869477,0.00031096972466196344
