Degree,FluxConvRates,FluxErrors,Mesh,NumCells,PostProcessedScalarErrors,PostProcessedScalarRates,ScalarConvRates,ScalarErrors
1,---,0.6323205278105937,1,8,0.11595417938454496,---,---,0.2578009600734783
1,1.78661561156,0.18327886692911055,2,32,0.03274489175487176,1.82421305354,0.965688381348,0.1320028661712137
1,1.94009808407,0.04776223855767123,3,128,0.008490577345165099,1.94733529883,1.00729565911,0.06566850861619238
1,1.98355233434,0.012077468761212566,4,512,0.0021437342617837522,1.9857365782,1.00347884167,0.03275517483460885
1,1.99538860218,0.0030290336679734274,5,2048,0.0005372975748727071,1.99633284831,1.00099128234,0.016366338167518812
