Degree,FluxConvRates,FluxErrors,Mesh,NumCells,PostProcessedScalarErrors,PostProcessedScalarRates,ScalarConvRates,ScalarErrors
3,---,0.01805876521179231,1,8,0.001274582713561023,---,---,0.016294826688407503
3,3.91734273529,0.0011952269718549296,2,32,4.095855387386202e-05,4.9597164104,2.91267902218,0.0021639438736557152
3,3.982694131,7.5603166936431e-05,3,128,1.271860329977209e-06,5.00915262481,2.97782161916,0.00027468336758538944
3,3.99532423331,4.740537117724993e-06,4,512,3.9636056014163936e-08,5.00398302447,2.99443600578,3.4468096908977394e-05
3,3.99830290181,2.966323048000061e-07,5,2048,1.2380262450131152e-09,5.0006996105,2.99860787882,4.312671596787871e-06
