Degree,FluxConvRates,FluxErrors,Mesh,NumCells,PostProcessedScalarErrors,PostProcessedScalarRates,ScalarConvRates,ScalarErrors
2,---,0.10717550082795813,1,8,0.01290518074460528,---,---,0.07385749236718833
2,2.8714356157,0.014645603445061998,2,32,0.0009589713831674154,3.75031877297,1.92109700513,0.019502340519285555
2,2.96020213104,0.0018819047395321016,3,128,6.312080608804156e-05,3.92530022957,1.97792305539,0.004950767899652368
2,2.98695985245,0.00023737398710943445,4,512,4.003488040610987e-06,3.97878622785,1.9942575855,0.001242628225293001
2,2.99532420134,2.9768071026902872e-05,5,2048,2.512787881206927e-07,3.99389670119,1.99854869477,0.00031096972466196425
2,2.99814159061,3.7258051890348724e-06,6,8192,1.5725243130166377e-08,3.99813466212,1.99963615984,7.776203987348353e-05
