Degree,FluxConvRates,FluxErrors,Mesh,NumCells,PostProcessedScalarErrors,PostProcessedScalarRates,ScalarConvRates,ScalarErrors
1,---,0.6323205278105932,1,8,0.11595417938454486,---,---,0.2578009600734783
1,1.78661561156,0.1832788669291115,2,32,0.03274489175487191,1.82421305354,0.965688381348,0.13200286617121382
1,1.94009808407,0.04776223855767193,3,128,0.008490577345165238,1.94733529883,1.00729565911,0.06566850861619243
1,1.98355233434,0.012077468761212783,4,512,0.0021437342617837635,1.9857365782,1.00347884167,0.032755174834608845
1,1.99538860218,0.00302903366797389,5,2048,0.0005372975748728354,1.99633284831,1.00099128234,0.016366338167518802
1,1.99862329756,0.0007579813813460258,6,8192,0.00013441063123963964,1.99907407344,1.00025577417,0.008181718425313123
