Degree,FluxConvRates,FluxErrors,Mesh,NumCells,PostProcessedScalarErrors,PostProcessedScalarRates,ScalarConvRates,ScalarErrors
1,---,0.2023713203705715,1,4,0.0168074082690835,---,---,0.062029684701930356
1,1.98890780615,0.05098331342135339,2,16,0.0020712679215649015,3.02051119022,1.94937344428,0.016061263019310327
1,1.99815314074,0.012762155315698579,3,64,0.00025815855944780116,3.00418484268,1.9870140972,0.00405162133247693
1,1.99958740261,0.0031914514239035725,4,256,3.224924718802679e-05,3.00092004415,1.9967379231,0.0010151982039963967
1,1.99989973431,0.0007979183084774895,5,1024,4.030538113260015e-06,3.00022111375,1.99918362481,0.0002539432087264597
1,1.99997511073,0.00019948301855671004,6,4096,5.037981635949136e-07,3.00005469604,1.99979585468,6.349478623303045e-05
