Degree,FluxConvRates,FluxErrors,Mesh,NumCells,PostProcessedScalarErrors,PostProcessedScalarRates,ScalarConvRates,ScalarErrors
0,---,0.9818222880654501,1,8,0.10174986130879164,---,---,0.22072327950765533
0,0.968132937725,0.501875312016619,2,32,0.029745435488429544,1.77428662266,0.815277490142,0.1254368562316178
0,0.995954358143,0.25164232928812036,3,128,0.007724303070341092,1.94519162422,0.953851646518,0.06475707201358986
0,0.999191787864,0.12589167066137524,4,512,0.001949392987690606,1.98637981102,0.988484414589,0.032638015542015196
0,0.999807293568,0.0629542438142097,5,2048,0.0004884999310089121,1.99659469633,0.997122543919,0.016351588521671203
