Degree,FluxConvRates,FluxErrors,Mesh,NumCells,PostProcessedScalarErrors,PostProcessedScalarRates,ScalarConvRates,ScalarErrors
2,---,0.03869801386663581,1,8,0.004435210332584638,---,---,0.016154785842768134
2,2.98920469383,0.0048735833717013085,2,32,0.0002925444484489172,3.92227477777,2.90345678763,0.0021591042930678116
2,2.99492738808,0.000611343672050209,3,128,1.8543115137726876e-05,3.97970030673,2.97540737156,0.0002745280674060923
2,2.99571737399,7.664514199272362e-05,4,512,1.1637391305944683e-06,3.99404403079,2.99382405691,3.446322456233102e-05
2,2.99727667824,9.59874485196334e-06,5,2048,7.282761532509817e-08,3.99813827658,2.99845483411,4.312519424120596e-06
2,2.99848265257,1.2011056994407363e-06,6,8192,4.553726750289418e-09,3.99936597696,2.99961370637,5.392092864697253e-07
