Degree,FluxConvRates,FluxErrors,Mesh,NumCells,PostProcessedScalarErrors,PostProcessedScalarRates,ScalarConvRates,ScalarErrors
4,---,0.0006509394522172704,1,8,8.142193063402769e-05,---,---,0.0004159750377204879
4,5.0338817488,1.9869694650501694e-05,2,32,1.3029712693973702e-06,5.96554025246,4.93301749107,1.361698740767304e-05
4,5.00879747996,6.171530923285676e-07,3,128,2.0468611409829508e-08,5.99224822923,4.98314499856,4.3053148638703854e-07
4,5.00099610358,1.9272722758529274e-08,4,512,3.2023794728687483e-10,5.99812514981,4.99577937613,1.3493526757997748e-08
4,4.99940790002,6.025198170893052e-10,5,2048,5.030930969760886e-12,5.99217506872,4.99894341686,4.219816437417553e-10
