Degree,FluxConvRates,FluxErrors,Mesh,NumCells,PostProcessedScalarErrors,PostProcessedScalarRates,ScalarConvRates,ScalarErrors
1,---,0.2200187369760684,1,8,0.025210693810555806,---,---,0.0735925457317748
1,1.98250410772,0.05567579977365233,2,32,0.0031182280043606275,3.01523749576,1.91561160185,0.019506406672468734
1,1.99192127297,0.013997111177065744,3,128,0.0003851976317472628,3.01705568312,1.97797667492,0.0049516160769001
1,1.99462654114,0.0035123354991066823,4,512,4.785625742942246e-05,3.00881935202,1.99443019059,0.0012426924297659076
1,1.99684009722,0.0008800092300696556,5,2048,5.963999565736459e-06,3.00435551848,1.998603748,0.0003109739249457489
1,1.99829026467,0.00022026318641447097,6,8192,7.443850134295224e-07,3.00215923729,1.99965071916,7.776230544712413e-05
