Degree,FluxConvRates,FluxErrors,Mesh,NumCells,PostProcessedScalarErrors,PostProcessedScalarRates,ScalarConvRates,ScalarErrors
2,---,0.026671874506426465,1,4,0.0015312286518043448,---,---,0.0083499068604807
2,2.98179226,0.003376327981367861,2,16,9.472508715713581e-05,4.01479935799,2.9641460526,0.0010700024147417301
2,2.99567302471,0.0004233086961076171,3,64,5.894571156735979e-06,4.00628779933,2.99094107588,0.00013459278469673137
2,2.99893481719,5.2952669046635825e-05,4,256,3.6796806953876395e-07,4.00173437089,2.99772686867,1.6850627275609842e-05
2,2.99973477899,6.620300576461695e-06,5,1024,2.2990933622717572e-08,4.00044362398,2.99943115654,2.107159082154578e-06
2,2.99993376235,8.275755671990632e-07,6,4096,1.4368230204708792e-09,4.0001107776,2.99985775351,2.6342085669329747e-07
