Degree,FluxConvRates,FluxErrors,Mesh,NumCells,PostProcessedScalarErrors,PostProcessedScalarRates,ScalarConvRates,ScalarErrors
3,---,0.002637649480340647,1,4,0.00011163928682594958,---,---,0.0008326160756451094
3,3.98132163866,0.0001670012976003783,2,16,3.4819280044996423e-06,5.00281463027,3.97240787346,5.3043340508172555e-05
3,3.9954008822,1.0470907797397509e-05,3,64,1.0870982743714971e-07,5.00133210091,3.99306850171,3.331175188099425e-06
3,3.99885475991,6.549514445492106e-07,4,256,3.3962834757463535e-09,5.00038167602,3.99826477144,2.084490145074708e-07
3,3.99971396706,4.09425818757189e-08,5,1024,1.0612668528524409e-10,5.00009751158,3.99956588747,1.3031984191380747e-08
