Degree,FluxConvRates,FluxErrors,Mesh,NumCells,PostProcessedScalarErrors,PostProcessedScalarRates,ScalarConvRates,ScalarErrors
2,---,0.038698013866635836,1,8,0.004435210332584577,---,---,0.016154785842768134
2,2.98920469383,0.004873583371700963,2,32,0.0002925444484488751,3.92227477777,2.90345678763,0.0021591042930678146
2,2.99492738808,0.0006113436720473062,3,128,1.854311513770655e-05,3.97970030673,2.97540737156,0.00027452806740609444
2,2.99571737406,7.66451419886147e-05,4,512,1.1637391305705053e-06,3.99404403082,2.99382405691,3.446322456233172e-05
2,2.99727667913,9.598744845557515e-06,5,2048,7.282761529138429e-08,3.99813827722,2.99845483411,4.3125194241206725e-06
