Degree,FluxConvRates,FluxErrors,Mesh,NumCells,PostProcessedScalarErrors,PostProcessedScalarRates,ScalarConvRates,ScalarErrors
3,---,0.002637649480340605,1,4,0.00011163928682595915,---,---,0.0008326160756451144
3,3.98132163866,0.00016700129760032528,2,16,3.4819280044957303e-06,5.00281463027,3.97240787346,5.3043340508173876e-05
3,3.9954008822,1.0470907797398804e-05,3,64,1.0870982744178914e-07,5.00133210085,3.99306850171,3.331175188100647e-06
3,3.99885475992,6.549514445450617e-07,4,256,3.3962834771826398e-09,5.00038167547,3.99826477143,2.0844901450896864e-07
3,3.99971396715,4.094258187284164e-08,5,1024,1.0612668593337104e-10,5.00009750338,3.99956588747,1.3031984191441748e-08
3,3.9999283411,2.559038471755818e-09,6,4096,3.3166665984168925e-12,4.99990966721,3.9998890152,8.145616728088468e-10
