Degree,FluxConvRates,FluxErrors,Mesh,NumCells,PostProcessedScalarErrors,PostProcessedScalarRates,ScalarConvRates,ScalarErrors
4,---,0.0006509394522182714,1,8,8.142193063399029e-05,---,---,0.00041597503772049135
4,5.03388174884,1.9869694650018163e-05,2,32,1.3029712694244178e-06,5.96554025243,4.93301749107,1.3616987407670012e-05
4,5.00879747928,6.171530926035815e-07,3,128,2.0468611404110242e-08,5.99224822966,4.98314499856,4.3053148638629903e-07
4,5.00099607297,1.9272723176020128e-08,4,512,3.202379487515325e-10,5.99812514281,4.9957793761,1.3493526758256912e-08
4,4.99940761043,6.025199510847117e-10,5,2048,5.030930266198801e-12,5.99217527708,4.99894341707,4.219816436884976e-10
