Degree,FluxConvRates,FluxErrors,Mesh,NumCells,PostProcessedScalarErrors,PostProcessedScalarRates,ScalarConvRates,ScalarErrors
0,---,1.0537204286740331,1,4,0.13782779329493358,---,---,0.28944638819758883
0,1.03938181425,0.5126728240921598,2,16,0.03839542904215365,1.84386036607,0.88405998276,0.15683376265530435
0,1.01845172475,0.2530788070048508,3,64,0.00986419990421302,1.96066062673,0.975841183566,0.079741076559339
0,1.00531060371,0.12607446441611347,4,256,0.002482938108626536,1.99015373678,0.994314343685,0.0400279779681202
0,1.00137455717,0.06297720079995228,5,1024,0.000621794806129955,1.99753782941,0.998601694653,0.02003339657449754
0,1.00034662677,0.031481035751489715,6,4096,0.00015551504363561224,1.99938442068,0.999651884075,0.010019115563816235
