Degree,FluxConvRates,FluxErrors,Mesh,NumCells,PostProcessedScalarErrors,PostProcessedScalarRates,ScalarConvRates,ScalarErrors
4,---,0.0002083661760148603,1,4,7.09969299682082e-06,---,---,6.604594185584792e-05
4,4.98220712592,6.592246404395074e-06,2,16,1.1102028714943617e-07,5.9988614065,4.97769172285,2.0960981763136973e-06
4,4.99558124391,2.066396377479377e-07,3,64,1.7345597688308684e-09,6.00010996612,4.99440858849,6.575742895009228e-08
4,4.9988972055,6.462426663894049e-09,4,256,2.710244105092497e-11,6.00000294565,4.99860114206,2.0569131007309814e-09
4,4.99972197881,2.0198975486222455e-10,5,1024,4.250754684980184e-13,5.99455998514,4.999649978,6.429413133979643e-11
