Degree,FluxConvRates,FluxErrors,Mesh,NumCells,PostProcessedScalarErrors,PostProcessedScalarRates,ScalarConvRates,ScalarErrors
1,---,0.20272172832339866,1,4,0.0171612617355918,---,---,0.062790902693333
1,1.99123979736,0.05098910542814519,2,16,0.002085341081235193,3.04080034975,1.96233660617,0.016112930971129993
1,1.9983066794,0.012762246879227666,3,64,0.00025862532357222014,3.01134792195,1.99047517319,0.004054915550212209
1,1.9995971048,0.003191452858590815,4,256,3.226404991234188e-05,3.00286409726,1.99761644677,0.0010154051072814904
1,1.99990034227,0.0007979183309259915,5,1024,4.031002398083261e-06,3.00071699613,1.99940407049,0.0002539561560299732
1,1.99997514866,0.0001994830189236492,6,4096,5.038126858839843e-07,3.0001792871,1.99985101682,6.349559568601966e-05
