Degree,FluxConvRates,FluxErrors,Mesh,NumCells,PostProcessedScalarErrors,PostProcessedScalarRates,ScalarConvRates,ScalarErrors
0,---,0.9818222880654501,1,8,0.10174986130879163,---,---,0.22072327950765533
0,0.968132937725,0.5018753120166191,2,32,0.02974543548842954,1.77428662266,0.815277490142,0.12543685623161785
0,0.995954358143,0.2516423292881202,3,128,0.0077243030703409024,1.94519162422,0.953851646518,0.06475707201358985
0,0.999191787864,0.12589167066137513,4,512,0.001949392987690287,1.98637981102,0.988484414589,0.03263801554201517
0,0.999807293568,0.06295424381420983,5,2048,0.0004884999310100523,1.99659469633,0.997122543919,0.016351588521671238
0,0.999952298473,0.03147816268950405,6,8192,0.000122197092305397,1.99914840198,0.999280727868,0.008179871412953649
