Degree,FluxConvRates,FluxErrors,Mesh,NumCells,PostProcessedScalarErrors,PostProcessedScalarRates,ScalarConvRates,ScalarErrors
3,---,0.005447427637447231,1,8,0.0006572995063630847,---,---,0.0028685096790841322
3,4.01212403063,0.0003376150439588652,2,32,2.0937274297488267e-05,4.97240535808,3.92111357934,0.00018935793805582125
3,4.00168221624,2.1076350395436867e-05,3,128,6.557805018944522e-07,4.99671682096,3.98001759527,1.1999933419396736e-05
3,3.99836527628,1.318765351908756e-06,4,512,2.0494092023103407e-08,4.99993302832,3.99498620792,7.526068304926937e-07
3,3.99846573011,8.251053573174313e-08,5,2048,6.403264274710816e-10,5.00025670962,3.99874549475,4.707884684227856e-08
3,3.99904811951,5.160312099496784e-09,6,8192,2.0007984213593915e-11,5.00015982447,3.99968645723,2.9430674787843805e-09
