Degree,FluxConvRates,FluxErrors,Mesh,NumCells,PostProcessedScalarErrors,PostProcessedScalarRates,ScalarConvRates,ScalarErrors
3,---,0.0026376494803407387,1,4,0.00011163928682603297,---,---,0.000832616075645123
3,3.98132163866,0.00016700129760042503,2,16,3.4819280045084807e-06,5.00281463027,3.97240787346,5.3043340508170814e-05
3,3.99540088219,1.0470907797447021e-05,3,64,1.0870982747058443e-07,5.00133210047,3.99306850171,3.331175188102966e-06
3,3.99885475976,6.549514446218972e-07,4,256,3.3962835081718964e-09,5.00038166269,3.99826477146,2.0844901450534148e-07
3,3.99971396393,4.0942581969268424e-08,5,1024,1.0612680880456196e-10,5.00009584622,3.99956588716,1.303198419399414e-08
