Degree,FluxConvRates,FluxErrors,Mesh,NumCells,PostProcessedScalarErrors,PostProcessedScalarRates,ScalarConvRates,ScalarErrors
3,---,0.005447427637445667,1,8,0.0006572995063631465,---,---,0.002868509679084118
3,4.01212403063,0.00033761504395801294,2,32,2.0937274297505855e-05,4.97240535808,3.92111357934,0.00018935793805582605
3,4.00168221626,2.1076350395022045e-05,3,128,6.557805018796029e-07,4.996716821,3.98001759527,1.1999933419398185e-05
3,3.99836527617,1.318765351984854e-06,4,512,2.04940920312956e-08,4.99993302771,3.99498620792,7.52606830492917e-07
3,3.99846571651,8.25105365142501e-08,5,2048,6.403264376114592e-10,5.00025668735,3.99874549459,4.707884684771026e-08
