Degree,FluxConvRates,FluxErrors,Mesh,NumCells,PostProcessedScalarErrors,PostProcessedScalarRates,ScalarConvRates,ScalarErrors
1,---,0.21871417031259494,1,8,0.02406371956228276,---,---,0.07114348541022794
1,1.97444678174,0.05565564438248486,2,32,0.003063087391726186,2.97380122552,1.87948747147,0.019335394287099877
1,1.99142790251,0.01399682982813076,3,128,0.00038320811173016284,2.99878652308,1.96845419421,0.004940708996581858
1,1.99459918829,0.003512331490988842,4,512,4.7790727548744146e-05,3.00332546436,1.99204368155,0.0012420079457816332
1,1.99683854781,0.0008800091709472229,5,2048,5.961906670782683e-06,3.00288503452,1.99800754727,0.00031093110549916905
