Degree,FluxConvRates,FluxErrors,Mesh,NumCells,PostProcessedScalarErrors,PostProcessedScalarRates,ScalarConvRates,ScalarErrors
1,---,0.20237132037057157,1,4,0.01680740826908345,---,---,0.06202968470193036
1,1.98890780615,0.05098331342135344,2,16,0.0020712679215648616,3.02051119022,1.94937344428,0.016061263019310327
1,1.99815314074,0.012762155315698603,3,64,0.00025815855944781477,3.00418484268,1.9870140972,0.004051621332476933
1,1.99958740261,0.0031914514239035803,4,256,3.2249247188008915e-05,3.00092004415,1.9967379231,0.0010151982039963946
1,1.99989973431,0.0007979183084774855,5,1024,4.030538113245661e-06,3.00022111376,1.99918362481,0.00025394320872645893
