Degree,FluxConvRates,FluxErrors,Mesh,NumCells,PostProcessedScalarErrors,PostProcessedScalarRates,ScalarConvRates,ScalarErrors
3,---,0.005460535016364259,1,8,0.0006492198200626069,---,---,0.002864903424820292
3,4.0152920165,0.00033768506876631903,2,32,2.0854697852757844e-05,4.96026272924,3.91959474983,0.00018931908466718014
3,4.00196058063,2.107665476560454e-05,3,128,6.550811992028771e-07,4.99255485614,3.9797833421,1.1999419425001642e-05
3,3.99838475572,1.3187665903505741e-06,4,512,2.0488444346781318e-08,4.99879139174,3.99493903899,7.525991998400081e-07
3,3.99846698421,8.25105414921453e-08,5,2048,6.402816264377007e-10,4.99996002598,3.99873446258,4.7078729517650366e-08
3,3.99904810891,5.160312497686136e-09,6,8192,2.0007596802502337e-11,5.00008681636,3.99968362042,2.943065931418589e-09
