Degree,FluxConvRates,FluxErrors,Mesh,NumCells,PostProcessedScalarErrors,PostProcessedScalarRates,ScalarConvRates,ScalarErrors
1,---,0.21871417031259482,1,8,0.024063719562282714,---,---,0.07114348541022794
1,1.97444678174,0.055655644382484964,2,32,0.0030630873917262616,2.97380122552,1.87948747147,0.019335394287099877
1,1.99142790251,0.013996829828130783,3,128,0.00038320811173011594,2.99878652308,1.96845419421,0.004940708996581852
1,1.99459918829,0.003512331490988766,4,512,4.779072754870765e-05,3.00332546436,1.99204368155,0.0012420079457816323
1,1.99683854781,0.0008800091709470955,5,2048,5.961906670778479e-06,3.00288503452,1.99800754727,0.00031093110549916937
1,1.99829017356,0.00022026318552616399,6,8192,7.443189634260472e-07,3.00178089331,1.99950171656,7.775962865055351e-05
