Degree,FluxConvRates,FluxErrors,Mesh,NumCells,PostProcessedScalarErrors,PostProcessedScalarRates,ScalarConvRates,ScalarErrors
0,---,0.9820079709941859,1,8,0.11002919621031994,---,---,0.24333008793751726
0,0.968479729301,0.5018495791334974,2,32,0.030388052043155287,1.85631029094,0.919358721355,0.1286593228036296
0,0.995886393329,0.2516412811612576,3,128,0.007766161740466849,1.96823053846,0.981207379289,0.06517310436012634
0,0.99918617161,0.1258916363856343,4,512,0.0019520292647042848,1.99222707171,0.995407818381,0.032690442313689984
0,0.999806925554,0.06295424273294307,5,2048,0.0004886649586634391,1.99805712167,0.99885884363,0.016358155166879065
0,0.999952275246,0.03147816265563932,6,8192,0.0001222074102735966,1.99951388677,0.99971514724,0.00818069265993447
