Degree,FluxConvRates,FluxErrors,Mesh,NumCells,PostProcessedScalarErrors,PostProcessedScalarRates,ScalarConvRates,ScalarErrors
4,---,0.0006509394522164756,1,8,8.142193063407686e-05,---,---,0.00041597503772048593
4,5.03388174884,1.9869694649940036e-05,2,32,1.3029712694110648e-06,5.96554025245,4.93301749107,1.3616987407669901e-05
4,5.00879747942,6.17153092539683e-07,3,128,2.046861140302089e-08,5.99224822973,4.98314499856,4.305314863868542e-07
4,5.00099603169,1.9272723725516278e-08,4,512,3.202379533100794e-10,5.99812512219,4.9957793761,1.3493526758250725e-08
4,4.99940736924,6.025200689936638e-10,5,2048,5.030932856973865e-12,5.99217455467,4.99894341761,4.219816435304056e-10
