Degree,FluxConvRates,FluxErrors,Mesh,NumCells,PostProcessedScalarErrors,PostProcessedScalarRates,ScalarConvRates,ScalarErrors
1,---,0.2187141703125944,1,8,0.02406371956228277,---,---,0.07114348541022796
1,1.97444678174,0.05565564438248422,2,32,0.003063087391726288,2.97380122552,1.87948747147,0.019335394287099898
1,1.99142790251,0.013996829828130155,3,128,0.00038320811173033864,2.99878652307,1.96845419421,0.004940708996581867
1,1.99459918829,0.003512331490988272,4,512,4.779072754921445e-05,3.00332546435,1.99204368155,0.0012420079457816488
1,1.99683854781,0.0008800091709464518,5,2048,5.9619066714408914e-06,3.00288503437,1.99800754727,0.0003109311054991733
