Degree,FluxConvRates,FluxErrors,Mesh,NumCells,PostProcessedScalarErrors,PostProcessedScalarRates,ScalarConvRates,ScalarErrors
2,---,0.038859604864946044,1,8,0.0044797129285063094,---,---,0.016307961258994558
2,2.99481093159,0.004874953286687918,2,32,0.0002927869225470205,3.93548326206,2.91347435326,0.002164494562509227
2,2.99530847923,0.0006113540027023004,3,128,1.8545022565262273e-05,3.98074718807,2.97808856578,0.0002747024362765687
2,2.99574029285,7.664521955696875e-05,4,512,1.163768242011502e-06,3.99415633604,2.99451001818,3.446872136363579e-05
2,2.9972780499,9.598745439708735e-06,5,2048,7.28281319577517e-08,3.99816413143,2.9986273346,4.312691568857993e-06
2,2.99848274146,1.2011056989821567e-06,6,8192,4.553735494539266e-09,3.99937344095,2.99965689302,5.392146688533357e-07
