Degree,FluxConvRates,FluxErrors,Mesh,NumCells,PostProcessedScalarErrors,PostProcessedScalarRates,ScalarConvRates,ScalarErrors
3,---,0.005447427637446849,1,8,0.0006572995063630861,---,---,0.0028685096790841335
3,4.01212403063,0.00033761504395846495,2,32,2.093727429750084e-05,4.97240535808,3.92111357934,0.00018935793805582233
3,4.00168221626,2.107635039512473e-05,3,128,6.557805019029944e-07,4.99671682094,3.98001759527,1.1999933419396286e-05
3,3.99836527577,1.318765352358642e-06,4,512,2.0494092022824988e-08,4.99993302836,3.99498620792,7.526068304924531e-07
3,3.99846572112,8.251053627376927e-08,5,2048,6.403264265877887e-10,5.00025671159,3.99874549476,4.7078846842194005e-08
