Degree,FluxConvRates,FluxErrors,Mesh,NumCells,PostProcessedScalarErrors,PostProcessedScalarRates,ScalarConvRates,ScalarErrors
2,---,0.03869801386663628,1,8,0.004435210332584579,---,---,0.016154785842768134
2,2.98920469383,0.004873583371700981,2,32,0.00029254444844887693,3.92227477777,2.90345678763,0.002159104293067815
2,2.99492738808,0.0006113436720473303,3,128,1.8543115137706462e-05,3.97970030673,2.97540737156,0.0002745280674060946
2,2.99571737406,7.66451419885573e-05,4,512,1.1637391305708894e-06,3.99404403081,2.99382405691,3.446322456233178e-05
2,2.9972766791,9.598744845714676e-06,5,2048,7.282761529026974e-08,3.99813827724,2.99845483411,4.312519424120625e-06
