Degree,FluxConvRates,FluxErrors,Mesh,NumCells,PostProcessedScalarErrors,PostProcessedScalarRates,ScalarConvRates,ScalarErrors
0,---,1.0537204286740334,1,4,0.13782779329493355,---,---,0.28944638819758883
0,1.03938181425,0.5126728240921602,2,16,0.03839542904215396,1.84386036607,0.88405998276,0.15683376265530447
0,1.01845172475,0.2530788070048509,3,64,0.009864199904213146,1.96066062673,0.975841183566,0.07974107655933903
0,1.00531060371,0.12607446441611356,4,256,0.0024829381086269964,1.99015373678,0.994314343685,0.04002797796812023
0,1.00137455717,0.06297720079995248,5,1024,0.0006217948061303482,1.99753782941,0.998601694653,0.020033396574497545
