Degree,FluxConvRates,FluxErrors,Mesh,NumCells,PostProcessedScalarErrors,PostProcessedScalarRates,ScalarConvRates,ScalarErrors
2,---,0.026671874506426455,1,4,0.001531228651804321,---,---,0.008349906860480703
2,2.98179226,0.0033763279813678673,2,16,9.472508715714279e-05,4.01479935799,2.9641460526,0.00107000241474173
2,2.99567302471,0.0004233086961076227,3,64,5.894571156742946e-06,4.00628779933,2.99094107588,0.00013459278469673335
2,2.99893481719,5.295266904663491e-05,4,256,3.679680695436297e-07,4.00173437087,2.99772686867,1.685062727561123e-05
2,2.99973477899,6.620300576459208e-06,5,1024,2.299093361964752e-08,4.00044362419,2.99943115654,2.1071590821545593e-06
