Degree,FluxConvRates,FluxErrors,Mesh,NumCells,PostProcessedScalarErrors,PostProcessedScalarRates,ScalarConvRates,ScalarErrors
0,---,1.053720428674033,1,4,0.13782779329493355,---,---,0.28944638819758883
0,1.03938181425,0.5126728240921603,2,16,0.038395429042153796,1.84386036607,0.88405998276,0.15683376265530447
0,1.01845172475,0.2530788070048507,3,64,0.009864199904212863,1.96066062673,0.975841183566,0.07974107655933896
0,1.00531060371,0.12607446441611195,4,256,0.0024829381086227753,1.99015373678,0.994314343685,0.04002797796812001
0,1.00137455717,0.06297720079994919,5,1024,0.0006217948061135609,1.99753782945,0.998601694653,0.020033396574497053
