KSPSolve,PCApply,PCSetUp,SNESFunctionEval,SNESJacobianEval,SNESSolve,degree,disc_error,dofs,ksp_iters,mesh_size,name,num_cells,num_processes,true_err
0.12112839221954345,0.06702405214309692,0.04227928519248962,0.008485794067382812,0.06496655344963073,0.1946258008480072,4,7.837209193828423e-06,35937,20,8,CG Helmholtz,3072,40,7.103311248505921e-06
