ConvRates,GMRESIterations,L2Errors,Mesh,NumCells,NumDOFS,SCPCIterations,Degree
---,1,4.44281531,0,6,216,36,5
3.4757533306,1,0.3993486768,1,48,1331,41,5
7.3568390614,1,0.0024362565,2,384,9261,46,5
5.6352962908,1,4.90150896134297E-05,3,3072,68921,48,5
5.8421062358,1,8.54438061706953E-07,4,24576,531441,51,5
5.9634487387,1,1.36931585942803E-08,5,196608,4173281,53,5
