ConvRates,GMRESIterations,L2Errors,Mesh,NumCells,NumDOFS,SCPCIterations,Degree
---,1,1.0401445959,0,6,125,29,4
0.9430130478,1,0.5410264571,1,48,729,34,4
5.6811376041,1,0.0105444923,2,384,4913,40,4
4.7765555167,1,0.0003847151,3,3072,35937,44,4
4.9567422172,1,1.23882824999953E-05,4,24576,274625,48,4
4.967951136,1,3.95830077546273E-07,5,196608,2146689,51,4
