ConvRates,Degree,L2Errors,Mesh,NumCells,NumDOFS,OuterIterations,ResidualReductions,SCPCIterations
---,6,1.6759611130105363,0,6,343,1,1.44082292026273e-14,57
4.18646907233,6,0.09204732477575014,1,48,2197,1,1.4878078206574664e-14,63
7.21917848821,6,0.0006177630121644976,2,384,15625,1,4.8672097875445285e-14,67
6.81183464792,6,5.4986407635804115e-06,3,3072,117649,1,1.92160800991403e-13,70
7.01137837083,6,4.2620657654279835e-08,4,24576,912673,1,7.788937266831932e-13,73
7.0039229467,6,3.3206970205081864e-10,5,196608,7189057,1,2.9729685367721465e-12,75
