ConvRates,Degree,GMRESIterations,L2Errors,Mesh,NumCells,NumDOFS,ResidualReductions,SCPCIterations
---,7,1,2.256497023868322,0,6,512,4.15999270573072e-14,58
4.43714314706,7,1,0.10416494352637025,1,48,3375,4.1216851329745284e-14,64
9.76804776807,7,1,0.0001194665179020513,2,384,24389,1.0393207669334489e-13,70
7.82722623387,7,1,5.260370410784039e-07,3,3072,185193,3.575555553987445e-13,69
7.83672593498,7,1,2.3010536895188155e-09,4,24576,1442897,1.4101631589585568e-12,66
7.94675317993,7,1,9.326435191433799e-12,5,196608,11390625,5.604822079831181e-12,67
