ConvRates,Degree,L2Errors,Mesh,NumCells,NumDOFS,OuterIterations,ResidualReductions,SCPCIterations
---,4,1.04014459588375,0,6,125,1,3.433538030548755e-15,34
0.943013047824,4,0.5410264570605533,1,48,729,1,3.2370552323725014e-15,42
5.68113760413,4,0.01054449232356617,2,384,4913,1,7.378024207656976e-15,48
4.77655551669,4,0.0003847150609176431,3,3072,35937,1,2.4673983399916595e-14,54
4.95674221716,4,1.2388282499987152e-05,4,24576,274625,1,9.254941136535469e-14,59
4.96795113605,4,3.9583007754052257e-07,5,196608,2146689,1,3.4761838821021505e-13,63
