ConvRates,Degree,GMRESIterations,L2Errors,Mesh,NumCells,NumDOFS,ResidualReductions,SCPCIterations
---,4,1,1.0401445958837503,0,6,125,3.597179798045323e-15,29
0.943013047824,4,1,0.5410264570605534,1,48,729,3.31050694495513e-15,34
5.68113760413,4,1,0.010544492323566152,2,384,4913,7.389854885617578e-15,40
4.77655551669,4,1,0.0003847150609176398,3,3072,35937,2.4541189300990007e-14,44
4.95674221716,4,1,1.2388282499988074e-05,4,24576,274625,9.27766554292409e-14,48
4.96795113605,4,1,3.958300775413102e-07,5,196608,2146689,3.475505539403578e-13,51
