ConvRates,Degree,L2Errors,Mesh,NumCells,NumDOFS,OuterIterations,ResidualReductions,SCPCIterations
---,5,4.442815310016569,0,6,216,1,1.1127637344755818e-14,44
3.47575333063,5,0.3993486767575509,1,48,1331,1,1.0410153559854596e-14,50
7.35683906139,5,0.002436256545697383,2,384,9261,1,2.263707227688599e-14,57
5.63529629084,5,4.901508961341688e-05,3,3072,68921,1,8.544383919781655e-14,60
5.8421062358,5,8.544380617174475e-07,4,24576,531441,1,3.3709878370276833e-13,63
5.96344873797,5,1.3693158601682161e-08,5,196608,4173281,1,1.2820748505836238e-12,66
