ConvRates,GMRESIterations,L2Errors,Mesh,NumCells,NumDOFS,SCPCIterations,Degree
---,1,1.0401445959,0,6,125,21,4
0.9430130478,1,0.5410264571,1,48,729,23,4
5.6811376042,1,0.0105444923,2,384,4913,26,4
4.7765555176,1,0.0003847151,3,3072,35937,28,4
4.956742158,1,1.23882829995204E-05,4,24576,274625,30,4
4.9679519349,1,3.95829874311282E-07,5,196608,2146689,32,4
