ConvRates,Degree,L2Errors,Mesh,NumCells,NumDOFS,OuterIterations,ResidualReductions,SCPCIterations
---,7,2.2564970238683233,0,6,512,1,4.297912400471551e-14,71
4.43714314706,7,0.10416494352636962,1,48,3375,1,4.183060432882382e-14,79
9.76804776807,7,0.00011946651790204983,2,384,24389,1,1.0345013668250622e-13,87
7.82722623383,7,5.26037041093714e-07,3,3072,185193,1,3.5792877642789793e-13,87
7.83672593502,7,2.3010536895316674e-09,4,24576,1442897,1,1.4112508681937945e-12,84
7.94668346229,7,9.32688589846271e-12,5,196608,11390625,1,5.60422687221527e-12,84
