ConvRates,Degree,L2Errors,Mesh,NumCells,NumDOFS,OuterIterations,ResidualReductions,SCPCIterations
---,7,2.256497023868327,0,6,512,1,7.34365009493591e-14,48
4.43714314706,7,0.10416494352637112,1,48,3375,1,1.2777889330478105e-13,53
9.76804776807,7,0.0001194665179020796,2,384,24389,1,2.9302507301983584e-13,57
7.82722623781,7,5.260370396418152e-07,3,3072,185193,1,8.044571392439127e-13,57
7.83671889546,7,2.3010649110854174e-09,4,24576,1442897,1,3.405542709839584e-12,53
7.94601542018,7,9.331251232618163e-12,5,196608,11390625,1,6.4897108892863425e-12,55
