ConvRates,GMRESIterations,L2Errors,Mesh,NumCells,NumDOFS,SCPCIterations,Degree
---,1,1.675961113,0,6,343,47,6
4.1864690723,1,0.0920473248,1,48,2197,51,6
7.2191784882,1,0.000617763,2,384,15625,54,6
6.8118346479,1,5.49864076358564E-06,3,3072,117649,56,6
7.0113783707,1,4.26206576592773E-08,4,24576,912673,58,6
7.0039229305,1,3.32069705827645E-10,5,196608,7189057,60,6
