ConvRates,Degree,GMRESIterations,L2Errors,Mesh,NumCells,NumDOFS,ResidualReductions,SCPCIterations
---,5,1,4.442815310016571,0,6,216,1.1102963356296824e-14,36
3.47575333063,5,1,0.399348676757551,1,48,1331,1.0415196863617511e-14,41
7.35683906139,5,1,0.0024362565456973752,2,384,9261,2.2685141286690537e-14,46
5.63529629084,5,1,4.9015089613409064e-05,3,3072,68921,8.526677244139923e-14,48
5.84210623577,5,1,8.544380617330392e-07,4,24576,531441,3.370962728100182e-13,51
5.96344874201,5,1,1.3693158563541055e-08,5,196608,4173281,1.28190795020497e-12,53
