KSPSolve,PCApply,PCSetUp,SNESFunctionEval,SNESJacobianEval,SNESSolve,degree,disc_error,dofs,ksp_iters,mesh_size,name,num_cells,num_processes,true_err
0.0722484290599823,0.028952306509017943,0.040699195861816403,0.010895264148712159,0.014743411540985107,0.09792920351028442,2,3.1119619784766544e-05,35937,11,16,CG Helmholtz,24576,40,0.00017040754746367446
