KSPSolve,PCApply,PCSetUp,SNESFunctionEval,SNESJacobianEval,SNESSolve,degree,disc_error,dofs,ksp_iters,mesh_size,name,num_cells,num_processes,true_err
0.2452632486820221,0.1413695454597473,0.08466211557388306,0.010212075710296632,0.04312001466751099,0.29868218302726746,3,4.742876189293292e-06,117649,17,16,CG Helmholtz,24576,40,5.405111115174565e-06
