KSPSolve,PCApply,PCSetUp,SNESFunctionEval,SNESJacobianEval,SNESSolve,degree,disc_error,dofs,ksp_iters,mesh_size,name,num_cells,num_processes,true_err
0.006045627593994141,0.0011715412139892579,0.004552298784255981,0.0007228612899780274,0.0009831368923187255,0.007812118530273438,2,0.004894937080920358,729,5,4,CG Helmholtz,384,40,0.01069891942068062
