KSPSolve,PCApply,PCSetUp,SNESFunctionEval,SNESJacobianEval,SNESSolve,degree,disc_error,dofs,ksp_iters,mesh_size,name,num_cells,num_processes,true_err
42.41881358027458,26.09525763988495,13.650478059053421,2.1002567172050477,3.9073599338531495,48.43001992106438,2,8.493137695254307e-09,16974593,27,128,CG Helmholtz,12582912,40,3.335426136246403e-07
