KSPSolve,PCApply,PCSetUp,SNESFunctionEval,SNESJacobianEval,SNESSolve,degree,disc_error,dofs,ksp_iters,mesh_size,name,num_cells,num_processes,true_err
1.2457274138927459,0.8266077816486359,0.23821548223495484,0.10836778283119201,0.5248865008354187,1.8790669679641723,4,2.472151923422307e-07,274625,24,16,CG Helmholtz,24576,40,2.355620445963845e-07
