KSPSolve,PCApply,PCSetUp,SNESFunctionEval,SNESJacobianEval,SNESSolve,degree,disc_error,dofs,ksp_iters,mesh_size,name,num_cells,num_processes,true_err
0.23024659156799315,0.1415824592113495,0.07072919011116027,0.009144806861877441,0.06633784174919129,0.3057717323303223,4,7.837209193812222e-06,35937,20,8,CG Helmholtz,3072,40,7.103311248504773e-06
