KSPSolve,PCApply,PCSetUp,SNESFunctionEval,SNESJacobianEval,SNESSolve,degree,disc_error,dofs,ksp_iters,mesh_size,name,num_cells,num_processes,true_err
52.293224436044696,32.20625951886177,15.155424863100052,5.035397630929947,4.675961524248123,62.00817431211472,2,8.493233132941398e-09,16974593,27,128,CG Helmholtz,12582912,40,3.335426191153111e-07
