KSPSolve,PCApply,PCSetUp,SNESJacobianEval,degree,disc_error,dofs,ksp_iters,mesh_size,name,num_cells,num_processes,true_err
0.006119942665100098,0.0011181771755218507,0.0046642482280731205,0.0015720129013061523,2,0.004894937080920336,729,5,4,CG Helmholtz,384,40,0.010698919420680601
