KSPSolve,PCApply,PCSetUp,SNESJacobianEval,degree,disc_error,dofs,ksp_iters,mesh_size,name,num_cells,num_processes,true_err
0.08402655720710754,0.0329439103603363,0.04587352871894836,0.01295773983001709,2,3.111961978629809e-05,35937,11,16,CG Helmholtz,24576,40,0.0001704075474643293
