KSPSolve,PCApply,PCSetUp,SNESFunctionEval,SNESJacobianEval,SNESSolve,degree,disc_error,dofs,ksp_iters,mesh_size,name,num_cells,num_processes,true_err
0.026222360134124757,0.006209081411361695,0.019095081090927123,0.002007567882537842,0.0028373301029205322,0.031103670597076416,2,0.0004393514256566975,4913,8,8,CG Helmholtz,3072,40,0.0013564778886311203
