KSPSolve,PCApply,PCSetUp,SNESFunctionEval,SNESJacobianEval,SNESSolve,degree,disc_error,dofs,ksp_iters,mesh_size,name,num_cells,num_processes,true_err
79.49741479158402,65.65559208393097,6.051944404840469,1.8450355172157287,10.772136396169662,92.11819205284118,4,2.4162080524419293e-10,16974593,42,64,CG Helmholtz,1572864,40,2.3609621081940337e-10
