KSPSolve,PCApply,PCSetUp,SNESFunctionEval,SNESJacobianEval,SNESSolve,degree,disc_error,dofs,ksp_iters,mesh_size,name,num_cells,num_processes,true_err
256.7369045674801,193.7100258946419,41.58475408554077,3.9717337667942045,13.169562542438507,273.8910087585449,3,1.1636177991513721e-09,57066625,44,128,CG Helmholtz,12582912,40,1.2753341433338311e-09
