KSPSolve,PCApply,PCSetUp,SNESJacobianEval,degree,disc_error,dofs,ksp_iters,mesh_size,name,num_cells,num_processes,true_err
8.957409584522248,6.821829897165299,1.007085531949997,1.4175239562988282,4,7.73234717992294e-09,2146689,32,32,CG Helmholtz,196608,40,7.512673630021365e-09
