KSPSolve,PCApply,PCSetUp,SNESFunctionEval,SNESJacobianEval,SNESSolve,degree,disc_error,dofs,ksp_iters,mesh_size,name,num_cells,num_processes,true_err
0.3737663865089417,0.1842984974384308,0.1643632769584656,0.04418345093727112,0.09003913998603821,0.5080969274044037,2,2.012975247827248e-06,274625,15,32,CG Helmholtz,196608,40,2.133268104423564e-05
