KSPSolve,PCApply,PCSetUp,SNESFunctionEval,SNESJacobianEval,SNESSolve,degree,disc_error,dofs,ksp_iters,mesh_size,name,num_cells,num_processes,true_err
2.78795063495636,1.9326165735721588,0.5110168874263763,0.25894796252250674,0.4832327663898468,3.5303160429000853,3,2.96996616339314e-07,912673,23,32,CG Helmholtz,196608,40,3.298019971310081e-07
