KSPSolve,PCApply,PCSetUp,SNESFunctionEval,SNESJacobianEval,SNESSolve,degree,disc_error,dofs,ksp_iters,mesh_size,name,num_cells,num_processes,true_err
0.018082296848297118,0.006250369548797608,0.011181676387786865,0.0010731995105743408,0.0028503954410552977,0.022068494558334352,2,0.0004393514256569911,4913,8,8,CG Helmholtz,3072,40,0.0013564778886313422
