KSPSolve,PCApply,PCSetUp,SNESFunctionEval,SNESJacobianEval,SNESSolve,degree,disc_error,dofs,ksp_iters,mesh_size,name,num_cells,num_processes,true_err
27.350696074962617,19.938074135780333,3.3481811821460723,1.805037021636963,3.0979016959667205,32.25479394197464,3,1.859137316986582e-08,7189057,32,64,CG Helmholtz,1572864,40,2.0454581852169394e-08
