KSPSolve,PCApply,PCSetUp,SNESFunctionEval,SNESJacobianEval,SNESSolve,degree,disc_error,dofs,ksp_iters,mesh_size,name,num_cells,num_processes,true_err
0.4454442083835602,0.21366774439811706,0.2006319761276245,0.08514865636825561,0.07638894319534302,0.6070657730102539,2,2.012975229570963e-06,274625,15,32,CG Helmholtz,196608,40,2.1332681040152954e-05
