KSPSolve,PCApply,PCSetUp,SNESJacobianEval,degree,disc_error,dofs,ksp_iters,mesh_size,name,num_cells,num_processes,true_err
87.22878285050392,70.42352507710457,6.525694954395294,10.11845110654831,4,2.4162080714403003e-10,16974593,42,64,CG Helmholtz,1572864,40,2.3609621700862514e-10
