KSPSolve,PCApply,PCSetUp,SNESJacobianEval,degree,disc_error,dofs,ksp_iters,mesh_size,name,num_cells,num_processes,true_err
25.25981549024582,19.089244294166566,3.212512743473053,1.7978419244289399,3,1.8591363152276077e-08,7189057,32,64,CG Helmholtz,1572864,40,2.0454581848260386e-08
