KSPSolve,PCApply,PCSetUp,SNESFunctionEval,SNESJacobianEval,SNESSolve,degree,disc_error,dofs,ksp_iters,mesh_size,name,num_cells,num_processes,true_err
0.06480343341827392,0.024795639514923095,0.037570178508758545,0.004245591163635254,0.013424724340438843,0.08254443407058716,2,3.111961978633821e-05,35937,11,16,CG Helmholtz,24576,40,0.0001704075474643449
