KSPSolve,PCApply,PCSetUp,SNESFunctionEval,SNESJacobianEval,SNESSolve,degree,disc_error,dofs,ksp_iters,mesh_size,name,num_cells,num_processes,true_err
21.562528359889985,16.8367506980896,2.935579216480255,0.5293972373008728,1.894835990667343,23.98817077279091,3,1.8591363007260072e-08,7189057,32,64,CG Helmholtz,1572864,40,2.0454581850753426e-08
