KSPSolve,PCApply,PCSetUp,SNESJacobianEval,degree,disc_error,dofs,ksp_iters,mesh_size,name,num_cells,num_processes,true_err
0.03556166291236877,0.01623823046684265,0.017694127559661866,0.0025717854499816895,3,0.0015903588857188928,2197,10,4,CG Helmholtz,384,40,0.0018302828287377554
