KSPSolve,PCApply,PCSetUp,SNESJacobianEval,degree,disc_error,dofs,ksp_iters,mesh_size,name,num_cells,num_processes,true_err
0.054856234788894655,0.029859435558319092,0.021876764297485352,0.007171255350112915,4,0.00024669577479814855,4913,16,4,CG Helmholtz,384,40,0.00021744993679500738
