KSPSolve,PCApply,PCSetUp,SNESJacobianEval,degree,disc_error,dofs,ksp_iters,mesh_size,name,num_cells,num_processes,true_err
0.46839478611946106,0.21886438131332397,0.21143673062324525,0.08273549675941468,2,2.0129752479177468e-06,274625,15,32,CG Helmholtz,196608,40,2.1332681044254993e-05
