KSPSolve,PCApply,PCSetUp,SNESFunctionEval,SNESJacobianEval,SNESSolve,degree,disc_error,dofs,ksp_iters,mesh_size,name,num_cells,num_processes,true_err
0.046855926513671875,0.02225395441055298,0.022426682710647582,0.0015359580516815185,0.008573079109191894,0.05703416466712952,3,7.58138824132424e-05,15625,13,8,CG Helmholtz,3072,40,9.179017775268627e-05
