KSPSolve,PCApply,PCSetUp,SNESFunctionEval,SNESJacobianEval,SNESSolve,degree,disc_error,dofs,ksp_iters,mesh_size,name,num_cells,num_processes,true_err
8.229056143760682,6.584375929832459,0.8816738307476044,0.2178836703300476,1.3977767288684846,9.845090180635452,4,7.732347144289653e-09,2146689,32,32,CG Helmholtz,196608,40,7.512673629280416e-09
