KSPSolve,PCApply,PCSetUp,SNESJacobianEval,degree,disc_error,dofs,ksp_iters,mesh_size,name,num_cells,num_processes,true_err
45.55869438052177,28.404484224319457,13.457557839155196,3.9730383157730103,2,8.493137662888469e-09,16974593,27,128,CG Helmholtz,12582912,40,3.3354261362021416e-07
