KSPSolve,PCApply,PCSetUp,SNESFunctionEval,SNESJacobianEval,SNESSolve,degree,disc_error,dofs,ksp_iters,mesh_size,name,num_cells,num_processes,true_err
3.732268637418747,2.3644726455211638,1.129823476076126,0.2808633387088776,0.5003811299800873,4.513901299238205,2,1.229001350525382e-07,2146689,20,64,CG Helmholtz,1572864,40,2.6674048201568483e-06
