KSPSolve,PCApply,PCSetUp,SNESFunctionEval,SNESJacobianEval,SNESSolve,degree,disc_error,dofs,ksp_iters,mesh_size,name,num_cells,num_processes,true_err
0.84465651512146,0.5886960446834564,0.17643392086029053,0.11820522546768189,0.34816951155662534,1.3111417412757873,4,2.472151922379657e-07,274625,24,16,CG Helmholtz,24576,40,2.3556204459387717e-07
