KSPSolve,PCApply,PCSetUp,SNESFunctionEval,SNESJacobianEval,SNESSolve,degree,disc_error,dofs,ksp_iters,mesh_size,name,num_cells,num_processes,true_err
0.12008322477340698,0.066651850938797,0.041785585880279544,0.0032125651836395265,0.03404431939125061,0.15741674304008485,4,7.83720919164778e-06,35937,20,8,CG Helmholtz,3072,40,7.1033112484627735e-06
