KSPSolve,PCApply,PCSetUp,SNESJacobianEval,degree,disc_error,dofs,ksp_iters,mesh_size,name,num_cells,num_processes,true_err
0.3032500147819519,0.16858584880828859,0.11021653413772584,0.04443716406822205,3,4.7428761892589234e-06,117649,17,16,CG Helmholtz,24576,40,5.40511111517251e-06
