KSPSolve,PCApply,PCSetUp,SNESFunctionEval,SNESJacobianEval,SNESSolve,degree,disc_error,dofs,ksp_iters,mesh_size,name,num_cells,num_processes,true_err
0.03821529150009155,0.022018522024154663,0.013511377573013305,0.0010836362838745118,0.00572577714920044,0.04509065747261047,4,0.00024669577479816053,4913,16,4,CG Helmholtz,384,40,0.0002174499367950086
