KSPSolve,PCApply,PCSetUp,SNESJacobianEval,degree,disc_error,dofs,ksp_iters,mesh_size,name,num_cells,num_processes,true_err
1.0732544541358948,0.6213086009025574,0.342523980140686,0.2345166265964508,4,2.4721519225143357e-07,274625,24,16,CG Helmholtz,24576,40,2.3556204459328618e-07
