KSPSolve,PCApply,PCSetUp,SNESFunctionEval,SNESJacobianEval,SNESSolve,degree,disc_error,dofs,ksp_iters,mesh_size,name,num_cells,num_processes,true_err
393.1868212521076,281.46292839050295,45.2262685239315,13.893964529037476,25.14453523159027,432.23962342739105,3,1.163113004163301e-09,57066625,44,128,CG Helmholtz,12582912,40,1.2753354906062814e-09
