KSPSolve,PCApply,PCSetUp,SNESFunctionEval,SNESJacobianEval,SNESSolve,degree,disc_error,dofs,ksp_iters,mesh_size,name,num_cells,num_processes,true_err
113.79513247609138,85.3292684853077,8.076939511299134,4.874389374256134,29.200265848636626,147.87333676815032,4,2.416145748983237e-10,16974593,42,64,CG Helmholtz,1572864,40,2.3609374882245635e-10
