KSPSolve,PCApply,PCSetUp,SNESFunctionEval,SNESJacobianEval,SNESSolve,degree,disc_error,dofs,ksp_iters,mesh_size,name,num_cells,num_processes,true_err
0.018979156017303468,0.008237731456756592,0.009949696063995362,0.0008419334888458252,0.0018999576568603516,0.02178384065628052,3,0.0015903588857188481,2197,10,4,CG Helmholtz,384,40,0.001830282828737754
