KSPSolve,PCApply,PCSetUp,SNESJacobianEval,degree,disc_error,dofs,ksp_iters,mesh_size,name,num_cells,num_processes,true_err
4.442961329221726,2.585709536075592,1.4691749274730683,0.5760985374450683,2,1.22900135021146e-07,2146689,20,64,CG Helmholtz,1572864,40,2.667404820154181e-06
