KSPSolve,PCApply,PCSetUp,SNESFunctionEval,SNESJacobianEval,SNESSolve,degree,disc_error,dofs,ksp_iters,mesh_size,name,num_cells,num_processes,true_err
2.038804703950882,1.4824258983135223,0.3951881885528564,0.07604883909225464,0.25580230355262756,2.3708571910858156,3,2.96996605552706e-07,912673,23,32,CG Helmholtz,196608,40,3.298019971139123e-07
