KSPSolve,PCApply,PCSetUp,SNESJacobianEval,degree,disc_error,dofs,ksp_iters,mesh_size,name,num_cells,num_processes,true_err
0.10282148718833924,0.04947410821914673,0.04822570085525513,0.013581806421279907,3,7.581388241327416e-05,15625,13,8,CG Helmholtz,3072,40,9.17901777526864e-05
