KSPSolve,PCApply,PCSetUp,SNESJacobianEval,degree,disc_error,dofs,ksp_iters,mesh_size,name,num_cells,num_processes,true_err
2.3635930716991425,1.6683303952217101,0.4482683718204498,0.261130553483963,3,2.9699660558750834e-07,912673,23,32,CG Helmholtz,196608,40,3.2980199711401343e-07
