KSPSolve,PCApply,PCSetUp,SNESJacobianEval,degree,disc_error,dofs,ksp_iters,mesh_size,name,num_cells,num_processes,true_err
269.0010544002056,203.46280292868613,39.91597396731377,13.160438495874406,3,1.1636182431635547e-09,57066625,44,128,CG Helmholtz,12582912,40,1.275334138944842e-09
