ApplyTime,AvgInnerIters,AvgOuterIters,SetUpTime,SolveTime
488.14231872558594,5,9,133.25716018676758,1109.3987846374512
