ApplyTime,AvgInnerIters,AvgOuterIters,SetUpTime,SolveTime
487.9096984863281,5,1,133.05126190185547,1120.0163841247559
