Degree,FluxConvRates,FluxErrors,Mesh,NumCells,PostProcessedFluxErrors,PostProcessedFluxRates,PostProcessedScalarErrors,PostProcessedScalarRates,ScalarConvRates,ScalarErrors
1,---,0.37458542604193895,1,8,0.23556410303821831,---,0.031006561518667423,---,---,0.17000063879924152
1,1.90743640783,0.09985166309739908,2,32,0.06033171189679179,1.96513128345,0.003947203639438641,2.97367069068,1.81561087034,0.048294449598639815
1,1.9801811498,0.02530820710670334,3,128,0.015161101786276984,1.99254191832,0.0004844157559935852,3.02651325529,1.94295469916,0.012560576595019291
1,1.99652013893,0.006342331399404776,4,512,0.0037952223099524136,1.99811829981,5.960107912131989e-05,3.02283543347,1.98070310849,0.003182427569054788
1,1.99983966578,0.0015857590737357959,5,2048,0.0009491911361352659,1.99941386247,7.37963846333845e-06,3.01371640808,1.9926756792,0.0007996563254912371
1,2.00031136256,0.0003963542180042397,6,8192,0.00023733384408136882,1.99978078304,9.177273040111876e-07,3.00741270269,1.99691802795,0.0002003416063653501
