Mesh,ScalarErrors,ScalarConvRates,FluxErrors,FluxConvRates,PostProcessedScalarErrors,PostProcessedScalarRates,PostProcessedFluxErrors,PostProcessedFluxRates
1,5.924612703e-2,---,8.398045945e-2,---,4.888237745e-3,---,4.029870825e-2,---
2,1.596292081e-2,1.89,1.110410847e-2,2.92,3.150921308e-4,3.96,4.939850171e-3,3.03
3,4.067490435e-3,1.97,1.407132608e-3,2.98,1.988312032e-5,3.99,6.138364384e-4,3.01
4,1.021755793e-3,1.99,1.765160792e-4,2.99,1.246120068e-6,4.00,7.674096639e-5,3.00
5,2.557460358e-4,2.00,2.208621108e-5,3.00,7.793743465e-8,4.00,9.602748538e-6,3.00
6,6.395640419e-5,2.00,2.761579256e-6,3.00,4.872102219e-9,4.00,1.201165583e-6,3.00
