Degree,FluxConvRates,FluxErrors,Mesh,NumCells,PostProccssedDivFluxErrors,PostProccssedDivFluxRates,PostProcessedFluxErrors,PostProcessedFluxRates,PostProcessedScalarErrors,PostProcessedScalarRates,ScalarConvRates,ScalarErrors
2,---,0.0836219908780497,1,8,0.3212681863723821,---,0.042492955239912006,---,0.005063259333586698,---,---,0.036209648044682526
2,2.91305347286,0.011102071724442083,2,32,0.04271167966124883,2.98442973792,0.005369255426968191,2.98442973792,0.0003266419887347729,3.95428421756,2.84985824388,0.00502263349702444
2,2.98184378974,0.0014053341687266644,3,128,0.005422011039565848,2.99900332645,0.000671620751602024,2.99900332645,2.046522027640025e-05,3.99646415609,2.95329221399,0.0006484880034310705
2,2.99712508375,0.00017601717832765092,4,512,0.0006803727980961764,3.0004658168,8.39254917458011e-05,3.0004658168,1.2770770845356034e-06,4.0022566812,2.98389502653,8.197096341939289e-05
2,3.00008959254,2.2000780982136965e-05,5,2048,8.512872417370263e-05,3.00038260208,1.0487904711737333e-05,3.00038260208,7.969883944611397e-08,4.00214308248,2.99377451097,1.0290680896986556e-05
2,3.00042350988,2.749290437215295e-06,6,8192,1.064369697079627e-05,3.00021735023,1.310790596017152e-06,3.00021735023,4.976579549199495e-09,4.00133230633,2.99733902882,1.2887098754534898e-06
