Degree,FluxConvRates,FluxErrors,Mesh,NumCells,PostProccssedDivFluxErrors,PostProccssedDivFluxRates,PostProcessedFluxErrors,PostProcessedFluxRates,PostProcessedScalarErrors,PostProcessedScalarRates,ScalarConvRates,ScalarErrors
2,---,0.08398045944937309,1,8,0.3212681863723831,---,0.0402987082524516,---,0.004888237745295368,---,---,0.05924612703438483
2,2.9189601151,0.011104108469543626,2,32,0.042711679661248544,3.0281944052,0.004939850171062599,3.0281944052,0.00031509213076076154,3.9554688246,1.89199619466,0.015962920809816365
2,2.98026336627,0.0014071326081746968,3,128,0.005422011039567413,3.00854108954,0.0006138364386901044,3.00854108954,1.988312031824429e-05,3.98615763807,1.97251379393,0.004067490434979703
2,2.99488678066,0.00017651607936505206,4,512,0.0006803727981101745,2.99978545782,7.67409660835e-05,2.99978545782,1.2461200727607315e-06,3.9960291868,1.99308853058,0.0010217557928214633
2,2.99858183209,2.2086209977536072e-05,5,2048,8.512873708437084e-05,2.99847754991,9.602749023482184e-06,2.99847754991,7.793742838381539e-08,3.99898294977,1.99826733748,0.00025574591215757277
2,2.99954320557,2.761650518492594e-06,6,8192,1.0693291823633725e-05,2.99879139684,1.2013496249725987e-06,2.99879139684,4.872025906657329e-09,3.99972261945,1.99983870857,6.394362645397955e-05
