Mesh,ScalarErrors,ScalarConvRates,FluxErrors,FluxConvRates,PostProcessedScalarErrors,PostProcessedScalarRates,PostProcessedFluxErrors,PostProcessedFluxRates
1,1.830883831e-2,---,1.528946786e-1,---,1.110712199e-2,---,1.177010535e-1,---
2,2.388007405e-3,2.94,3.640239181e-2,2.07,1.271464258e-3,3.13,3.108853387e-2,1.92
3,3.005655981e-4,2.99,8.932084574e-3,2.03,1.515877209e-4,3.07,7.930704808e-3,1.97
4,3.760121123e-5,3.00,2.221156952e-3,2.01,1.863726336e-5,3.02,1.993364554e-3,1.99
5,4.699408714e-6,3.00,5.545270060e-4,2.00,2.317131039e-6,3.01,4.988926596e-4,2.00
6,5.873001031e-7,3.00,1.385849966e-4,2.00,2.890986214e-7,3.00,1.247369420e-4,2.00
