Degree,FluxConvRates,FluxErrors,Mesh,NumCells,PostProccssedDivFluxErrors,PostProccssedDivFluxRates,PostProcessedFluxErrors,PostProcessedFluxRates,PostProcessedScalarErrors,PostProcessedScalarRates,ScalarConvRates,ScalarErrors
3,---,0.014642479107267731,1,8,0.05649262012387073,---,0.006077091004037237,---,0.000731895546235691,---,---,0.006202921949049978
3,3.92111336823,0.0009665890541375787,2,32,0.003736394750392102,4.00544735739,0.00037838676657856916,4.00544735739,2.333924548621508e-05,4.97080793913,3.86823990102,0.000424756541389445
3,3.98271603076,6.113992241975855e-05,3,128,0.0002368506334651691,4.00486409879,2.3569573126892124e-05,4.00486409879,7.294333198912159e-07,4.99983800971,3.96005794091,2.729253343964405e-05
3,3.99690020019,3.829464372255232e-06,4,512,1.4855584553526409e-05,4.00175214064,1.4713103412329158e-06,4.00175214064,2.27558397340176e-08,5.00246737165,3.98638785248,1.7219539506080437e-06
3,3.99984140658,2.393678351868445e-07,5,2048,9.293217471353491e-07,4.0005707976,9.192052107634429e-08,4.0005707976,7.102142919867204e-10,5.00183862257,3.99476640478,1.080132464969817e-07
3,4.00055983807,1.495468540473217e-08,6,8192,7.288957051685182e-08,4.0001923191,5.744266774215212e-09,4.0001923191,2.2177611018890148e-11,5.00107852141,3.99777403414,6.761251946344036e-09
