Mesh,ScalarErrors,ScalarConvRates,FluxErrors,FluxConvRates,PostProcessedScalarErrors,PostProcessedScalarRates,PostProcessedFluxErrors,PostProcessedFluxRates
1,1.005573427e-2,---,1.470469068e-2,---,7.091696561e-4,---,5.688952519e-3,---
2,1.335132752e-3,2.91,9.660697538e-4,3.93,2.258927477e-5,4.97,3.430178417e-4,4.05
3,1.694477586e-4,2.98,6.111827521e-5,3.98,7.094488520e-7,4.99,2.123339991e-5,4.01
4,2.126192721e-5,2.99,3.831691133e-6,4.00,2.219540547e-8,5.00,1.325565012e-6,4.00
5,2.660280962e-6,3.00,2.396763761e-7,4.00,6.936974178e-10,5.00,8.288433749e-8,4.00
6,3.326148512e-7,3.00,1.517521717e-8,3.98,2.188471990e-11,4.99,5.705668419e-9,3.86
