Degree,FluxConvRates,FluxErrors,Mesh,NumCells,PostProccssedDivFluxErrors,PostProccssedDivFluxRates,PostProcessedFluxErrors,PostProcessedFluxRates,PostProcessedScalarErrors,PostProcessedScalarRates,ScalarConvRates,ScalarErrors
2,---,0.08398045944937181,1,8,0.32126818637238236,---,0.04029870825244848,---,0.0048882377452953,---,---,0.059246127034386004
2,2.91896011511,0.011104108469534755,2,32,0.04271167966125004,3.02819440521,0.004939850171029192,3.02819440521,0.0003150921307611786,3.9554688246,1.89199619464,0.015962920809995087
2,2.98026336634,0.0014071326081050019,3,128,0.005422011039564425,3.0085410902,0.0006138364384068764,3.0085410902,1.988312032173673e-05,3.98615763782,1.97251379403,0.004067490434741147
2,2.994886782,0.00017651607919256344,4,512,0.0006803727981235791,2.9997854527,7.674096632073472e-05,2.9997854527,1.2461200682609308e-06,3.99602919226,1.99308852963,0.0010217557934349484
2,2.99858176178,2.2086211032410478e-05,5,2048,8.512874959135779e-05,2.9984776104,9.602748650568883e-06,2.9984776104,7.79374337422423e-08,3.99898284537,1.99826664066,0.0002557460358353306
2,2.99958058667,2.761579095296042e-06,6,8192,1.0684607167071764e-05,2.9990121021,1.2011658084492981e-06,2.9990121021,4.872101346536099e-09,3.9997003797,1.99955114397,6.395640419051876e-05
