Degree,FluxConvRates,FluxErrors,Mesh,NumCells,PostProcessedFluxErrors,PostProcessedFluxRates,PostProcessedScalarErrors,PostProcessedScalarRates,ScalarConvRates,ScalarErrors
1,---,0.3762285329264444,1,8,0.2266110175287434,---,0.027699211402714093,---,---,0.28378540756531717
1,1.91172701503,0.09999183859664541,2,32,0.05639164235905847,2.00666473884,0.003280329010638909,3.07793247656,0.858890953906,0.15647253545404294
1,1.97781558041,0.02538532561541683,3,128,0.014058095302330898,2.00408022049,0.0003974938429313261,3.04483610288,0.965718246017,0.08011760541189225
1,1.99410696975,0.006372307517152513,4,512,0.0035175539642561863,1.99875667863,4.9167618198037356e-05,3.01515213941,0.991546034013,0.0402942300981737
1,1.99832031224,0.0015949327323872466,5,2048,0.0008804971472378726,1.99818232169,6.124971283513157e-06,3.00493348384,0.997893229467,0.020176557414732902
1,1.99946922558,0.00039887990593439953,6,8192,0.00022031716487716957,1.99873643024,7.646722420133822e-07,3.00178967057,0.999473503308,0.010091960992615513
