Degree,FluxConvRates,FluxErrors,Mesh,NumCells,PostProccssedDivFluxErrors,PostProccssedDivFluxRates,PostProcessedFluxErrors,PostProcessedFluxRates,PostProcessedScalarErrors,PostProcessedScalarRates,ScalarConvRates,ScalarErrors
3,---,0.014642479107272307,1,8,0.05649262012387295,---,0.006077091004040976,---,0.0007318955462359805,---,---,0.006202921949050144
3,3.92111336822,0.0009665890541470847,2,32,0.0037363947503920966,4.00544735737,0.00037838676658518723,4.00544735737,2.3339245486418744e-05,4.97080793912,3.86823990102,0.0004247565413902289
3,3.98271603105,6.113992240809839e-05,3,128,0.00023685063346545043,4.00486409971,2.3569573112259267e-05,4.00486409971,7.294333199810093e-07,4.99983800954,3.96005794089,2.7292533440054728e-05
3,3.99690017145,3.829464447802854e-06,4,512,1.485558456083489e-05,4.00175213054,1.4713103506239e-06,4.00175213054,2.2755839941321042e-08,5.00246735868,3.98638785109,1.721953952286774e-06
3,3.99983670282,2.393686203449802e-07,5,2048,9.293097214749866e-07,4.00057128278,9.192049075033957e-08,4.00057128278,7.102169499792397e-10,5.0018332364,3.99476640216,1.0801324679861953e-07
3,3.99989929303,1.496158312473765e-08,6,8192,7.895664335208956e-08,4.00012802648,5.744520873654021e-09,4.00012802648,2.2185478613249692e-11,5.00057220976,3.9977734838,6.76125454442835e-09
