Degree,FluxConvRates,FluxErrors,Mesh,NumCells,PostProcessedFluxErrors,PostProcessedFluxRates,PostProcessedScalarErrors,PostProcessedScalarRates,ScalarConvRates,ScalarErrors
2,---,0.08838543179637279,1,8,0.04911401949139885,---,0.005668383404419334,---,---,0.023846887276289048
2,2.60337075387,0.014544138487849616,2,32,0.009242279776954,2.40981422982,0.0004724243490016495,3.58478211514,3.26317715959,0.0024838049748700094
2,2.35765903529,0.0028376701516532425,3,128,0.0020751654144891335,2.15502242221,4.6581510405696176e-05,3.34225399911,3.10746479755,0.00028818898542571654
2,2.13229361105,0.0006472582214717324,4,512,0.000502326173269695,2.04652998793,5.328548029799424e-06,3.12794304644,3.03128043669,3.525096751624007e-05
2,2.03731530792,0.00015768288498158145,5,2048,0.00012443311351661927,2.01325398801,6.488635910298695e-07,3.03775534711,3.00820152322,4.3813923928247115e-06
2,2.00942755489,3.916395916781605e-05,6,8192,3.102376744657319e-05,2.00392466003,8.052014625207581e-08,3.01049351813,3.002108394,5.468742478347632e-07
