Mesh,ScalarErrors,ScalarConvRates,FluxErrors,FluxConvRates,PostProcessedScalarErrors,PostProcessedScalarRates,PostProcessedFluxErrors,PostProcessedFluxRates
1,1.065525914e-1,---,6.131530887e-1,---,8.818337590e-2,---,5.393527291e-1,---
2,3.076926909e-2,1.79,2.867801936e-1,1.10,2.504064836e-2,1.82,2.899492238e-1,0.90
3,8.022502331e-3,1.94,1.401285462e-1,1.03,6.524761375e-3,1.94,1.481345871e-1,0.97
4,2.028329132e-3,1.98,6.962948641e-2,1.01,1.650101418e-3,1.98,7.447563868e-2,0.99
5,5.085523557e-4,2.00,3.475965498e-2,1.00,4.137679079e-4,2.00,3.728854782e-2,1.00
6,1.272312262e-4,2.00,1.737292770e-2,1.00,1.035211631e-4,2.00,1.865055292e-2,1.00
