Degree,FluxConvRates,FluxErrors,Mesh,NumCells,PostProccssedDivFluxErrors,PostProccssedDivFluxRates,PostProcessedFluxErrors,PostProcessedFluxRates,PostProcessedScalarErrors,PostProcessedScalarRates,ScalarConvRates,ScalarErrors
2,---,0.08362199087805,1,8,0.32126818637238425,---,0.04249295523991268,---,0.005063259333586561,---,---,0.03620964804469145
2,2.91305347286,0.011102071724432129,2,32,0.042711679661250196,2.98442973792,0.005369255426955091,2.98442973792,0.0003266419887347109,3.95428421756,2.84985824387,0.005022633497059564
2,2.98184378974,0.0014053341687280674,3,128,0.005422011039565516,2.9990033264,0.0006716207516200756,2.9990033264,2.04652202762356e-05,3.9964641561,2.95329221404,0.0006484880034127135
2,2.99712508294,0.00017601717842653317,4,512,0.0006803727980943875,3.00046581147,8.392549205802676e-05,3.00046581147,1.277077084173658e-06,4.0022566816,2.98389504051,8.1970962622496e-05
2,3.00008956976,2.2000781341747727e-05,5,2048,8.512872413805578e-05,3.00038242585,1.0487906031875478e-05,3.00038242585,7.969883857717475e-08,4.0021430978,2.99377529174,1.0290675227747986e-05
2,3.00042417001,2.7492892241806797e-06,6,8192,1.0643687673776109e-05,3.00022125733,1.310787211133902e-06,3.00022125733,4.976583269105598e-09,4.00133121221,2.9973364009,1.2887115129252686e-06
