Degree,FluxConvRates,FluxErrors,Mesh,NumCells,PostProccssedDivFluxErrors,PostProccssedDivFluxRates,PostProcessedFluxErrors,PostProcessedFluxRates,PostProcessedScalarErrors,PostProcessedScalarRates,ScalarConvRates,ScalarErrors
3,---,0.015561968547976226,1,8,0.056492620123871594,---,0.0072732497126827104,---,0.0008131380218434245,---,---,0.00414139042790812
3,3.58500094487,0.0012967961555586122,2,32,0.0037363947503931435,3.37669229775,0.00070023341395249,3.37669229775,3.334849009396553e-05,4.6078069081,4.26322343277,0.00021566915854369598
3,3.32298752483,0.00012958442147020438,3,128,0.00023685063346364646,3.14668477891,7.906719379773932e-05,3.14668477891,1.653582552213334e-06,4.33395446611,4.10727572974,1.2513386211322025e-05
3,3.11233105306,1.4984690964872826e-05,4,512,1.485558451876223e-05,3.04882507482,9.554512354208226e-06,3.04882507482,9.506835106278509e-08,4.12048612366,4.03146614145,7.652134830652764e-07
3,3.03029206421,1.834167457670111e-06,5,2048,9.292948736078822e-07,3.01611431279,1.1810482700547045e-06,3.01611431279,5.796629674066589e-09,4.03567891242,4.00829429274,4.755167287975397e-08
3,3.00726112853,2.281199035635215e-07,6,8192,5.8097722459310735e-08,3.0057360792,1.470452259153067e-07,3.0057360792,3.597185722728035e-10,4.01027376707,4.00213744238,2.9675796427205154e-09
