Mesh,ScalarErrors,ScalarConvRates,FluxErrors,FluxConvRates,PostProcessedScalarErrors,PostProcessedScalarRates,PostProcessedFluxErrors,PostProcessedFluxRates
1,3.620964804e-2,---,8.362199088e-2,---,5.063259334e-3,---,4.249295524e-2,---
2,5.022633497e-3,2.85,1.110207172e-2,2.91,3.266419887e-4,3.95,5.369255427e-3,2.98
3,6.484880034e-4,2.95,1.405334169e-3,2.98,2.046522028e-5,4.00,6.716207516e-4,3.00
4,8.197096342e-5,2.98,1.760171783e-4,3.00,1.277077085e-6,4.00,8.392549175e-5,3.00
5,1.029068090e-5,2.99,2.200078098e-5,3.00,7.969883943e-8,4.00,1.048790471e-5,3.00
6,1.288709875e-6,3.00,2.749290450e-6,3.00,4.976579594e-9,4.00,1.310790591e-6,3.00
