Degree,FluxConvRates,FluxErrors,Mesh,NumCells,PostProcessedFluxErrors,PostProcessedFluxRates,PostProcessedScalarErrors,PostProcessedScalarRates,ScalarConvRates,ScalarErrors
3,---,0.014704690680704713,1,8,0.005688952518901096,---,0.0007091696560599989,---,---,0.010055734274373495
3,3.92800526596,0.000966069753761341,2,32,0.0003430178416788697,4.05180751648,2.2589274772129254e-05,4.97242094863,2.91296333038,0.0013351327522878838
3,3.98245162889,6.111827505486186e-05,3,128,2.1233399653408662e-05,4.0138763355,7.094488509966229e-07,4.99279546926,2.97807073798,0.00016944775856632602
3,3.99555070899,3.831690974548358e-06,4,512,1.3255653848209023e-06,4.00165563843,2.2195399543238912e-08,4.9983660901,2.99449627758,2.126192720746393e-05
3,3.99882782138,2.396753411907014e-07,5,2048,8.288167245501243e-08,3.99941090888,6.9369870181427e-10,4.99980768415,2.99862182082,2.6602810034142304e-06
3,3.97069371936,1.5287111779834368e-08,6,8192,5.999651305857272e-09,3.78810255503,2.1919356606591745e-11,4.98403182776,2.999654364,3.3261480261287864e-07
