Degree,FluxConvRates,FluxErrors,Mesh,NumCells,PostProccssedDivFluxErrors,PostProccssedDivFluxRates,PostProcessedFluxErrors,PostProcessedFluxRates,PostProcessedScalarErrors,PostProcessedScalarRates,ScalarConvRates,ScalarErrors
2,---,0.08838543179637394,1,8,0.32126818637238264,---,0.04911401949140004,---,0.005668383404419002,---,---,0.023846887276288475
2,2.60337075387,0.014544138487849636,2,32,0.04271167966124884,2.40981422982,0.009242279776955445,2.40981422982,0.00047242434900132875,3.58478211514,3.26317715959,0.002483804974870048
2,2.35765903529,0.0028376701516533514,3,128,0.005422011039565886,2.15502242221,0.00207516541449159,2.15502242221,4.658151040586037e-05,3.3422539991,3.10746479755,0.0002881889854258439
2,2.13229361105,0.0006472582214726588,4,512,0.0006803727980951192,2.04652998793,0.0005023261732720619,2.04652998793,5.328548029859457e-06,3.12794304643,3.03128043668,3.525096751630498e-05
2,2.03731530794,0.00015768288497959273,5,2048,8.512872399361853e-05,2.01325398798,0.0001244331135191747,2.01325398798,6.488635907762654e-07,3.03775534769,3.00820152323,4.381392392815833e-06
2,2.00942755486,3.916395916812732e-05,6,8192,1.0643658700925303e-05,2.00392465995,3.102376744890567e-05,2.00392465995,8.052014529170224e-08,3.01049353477,3.00210839433,5.468742477078717e-07
