Degree,FluxConvRates,FluxErrors,Mesh,NumCells,PostProccssedDivFluxErrors,PostProccssedDivFluxRates,PostProcessedFluxErrors,PostProcessedFluxRates,PostProcessedScalarErrors,PostProcessedScalarRates,ScalarConvRates,ScalarErrors
3,---,0.01556196854797643,1,8,0.05649262012387246,---,0.007273249712683847,---,0.0008131380218434065,---,---,0.004141390427908188
3,3.58500094487,0.001296796155560229,2,32,0.003736394750392694,3.37669229775,0.0007002334139528365,3.37669229775,3.3348490093990584e-05,4.60780690809,4.26322343277,0.0002156691585437459
3,3.32298752483,0.0001295844214698892,3,128,0.0002368506334645291,3.14668477891,7.906719379791948e-05,3.14668477891,1.6535825522129807e-06,4.33395446611,4.10727572974,1.2513386211316031e-05
3,3.11233105298,1.4984690965684547e-05,4,512,1.485558451788599e-05,3.04882507484,9.554512354089204e-06,3.04882507484,9.506835107882734e-08,4.12048612341,4.03146614144,7.652134830695049e-07
3,3.0302920668,1.8341674544778878e-06,5,2048,9.29294872725338e-07,3.01611431248,1.1810482702915036e-06,3.01611431248,5.796629682998415e-09,4.03567891044,4.00829429269,4.755167288153606e-08
3,3.00726114029,2.2811990130732655e-07,6,8192,5.809777937771035e-08,3.00573607903,1.470452259616691e-07,3.00573607903,3.5971860080460095e-10,4.01027365486,4.00213744084,2.967579645988951e-09
