Degree,FluxConvRates,FluxErrors,Mesh,NumCells,PostProccssedDivFluxErrors,PostProccssedDivFluxRates,PostProcessedFluxErrors,PostProcessedFluxRates,PostProcessedScalarErrors,PostProcessedScalarRates,ScalarConvRates,ScalarErrors
3,---,0.014704690680704588,1,8,0.05649262012387184,---,0.005688952518902213,---,0.0007091696560600178,---,---,0.010055734274372974
3,3.92800526597,0.0009660697537564997,2,32,0.0037363947503922215,4.0518075165,0.0003430178416742626,4.0518075165,2.2589274772052706e-05,4.97242094864,2.91296333038,0.0013351327522885545
3,3.9824516292,6.111827504111752e-05,3,128,0.0002368506334625687,4.01387633689,2.1233399632657863e-05,4.01387633689,7.094488511091186e-07,4.99279546903,2.97807073796,0.00016944775856890559
3,3.99555067368,3.8316910674464465e-06,4,512,1.4855588510874518e-05,4.00165555903,1.325565456476269e-06,4.00165555903,2.219540002048959e-08,4.99836605931,2.9944962779,2.1261927203170625e-05
3,3.99882886063,2.3967517435052013e-07,5,2048,9.400794002934298e-07,3.99940441705,8.288204988656312e-08,3.99940441705,6.936961036844916e-10,4.99981311854,2.99862182426,2.6602809965367714e-06
3,3.97088751203,1.5285047808228276e-08,6,8192,3.5986702026782117e-06,3.78956611101,5.993595281437761e-09,3.78956611101,2.1919819255865907e-11,4.98399597391,2.9996543291,3.3261480979780957e-07
