Degree,FluxConvRates,FluxErrors,Mesh,NumCells,PostProccssedDivFluxErrors,PostProccssedDivFluxRates,PostProcessedFluxErrors,PostProcessedFluxRates,PostProcessedScalarErrors,PostProcessedScalarRates,ScalarConvRates,ScalarErrors
2,---,0.08838543179637248,1,8,0.3212681863723833,---,0.049114019491397924,---,0.005668383404419095,---,---,0.02384688727628907
2,2.60337075387,0.014544138487848251,2,32,0.04271167966124845,2.40981422982,0.009242279776953731,2.40981422982,0.00047242434900141283,3.58478211514,3.26317715959,0.002483804974870003
2,2.35765903529,0.0028376701516538236,3,128,0.00542201103956572,2.15502242221,0.002075165414489373,2.15502242221,4.658151040559889e-05,3.34225399911,3.10746479755,0.00028818898542570137
2,2.13229361105,0.0006472582214727025,4,512,0.000680372798094562,2.04652998793,0.0005023261732696866,2.04652998793,5.3285480297591265e-06,3.12794304645,3.03128043669,3.525096751623496e-05
2,2.03731530793,0.0001576828849809304,5,2048,8.512872399382015e-05,2.013253988,0.00012443311351675849,2.013253988,6.488635910036047e-07,3.03775534715,3.00820152322,4.381392392820815e-06
2,2.00942755487,3.916395916830029e-05,6,8192,1.0643658706117681e-05,2.00392466004,3.1023767446423364e-05,2.00392466004,8.052014624201397e-08,3.01049351825,3.002108394,5.468742478336411e-07
