Degree,FluxConvRates,FluxErrors,Mesh,NumCells,PostProccssedDivFluxErrors,PostProccssedDivFluxRates,PostProcessedFluxErrors,PostProcessedFluxRates,PostProcessedScalarErrors,PostProcessedScalarRates,ScalarConvRates,ScalarErrors
3,---,0.015561968547977487,1,8,0.05649262012387235,---,0.007273249712685181,---,0.000813138021843353,---,---,0.004141390427908375
3,3.58500094486,0.0012967961555640963,2,32,0.003736394750392031,3.37669229775,0.0007002334139527218,3.37669229775,3.334849009411465e-05,4.60780690809,4.26322343277,0.00021566915854373815
3,3.32298752464,0.00012958442148777074,3,128,0.00023685063346440665,3.14668477892,7.90671937974982e-05,3.14668477892,1.6535825524078738e-06,4.33395446594,4.10727572974,1.251338621134946e-05
3,3.11233104973,1.4984691001451663e-05,4,512,1.4855584518776659e-05,3.04882507497,9.554512353179331e-06,3.04882507497,9.50683512477407e-08,4.12048612102,4.03146614138,7.652134831024753e-07
3,3.0302920078,1.8341675338643942e-06,5,2048,9.292948769907705e-07,3.01611431646,1.1810482669222507e-06,3.01611431646,5.796629856039515e-09,4.03567886994,4.00829429168,4.7551672916986436e-08
3,3.0072602291,2.2812005525842369e-07,6,8192,5.809856464550069e-08,3.00573613675,1.4704521965878213e-07,3.00573613675,3.5971893871620805e-10,4.01027234269,4.00213741488,2.9675797016014797e-09
