Degree,FluxConvRates,FluxErrors,Mesh,NumCells,PostProccssedDivFluxErrors,PostProccssedDivFluxRates,PostProcessedFluxErrors,PostProcessedFluxRates,PostProcessedScalarErrors,PostProcessedScalarRates,ScalarConvRates,ScalarErrors
2,---,0.08398045944937181,1,8,0.32126818637238236,---,0.04029870825244848,---,0.0048882377452953,---,---,0.059246127034386004
2,2.91896011511,0.011104108469534755,2,32,0.04271167966125004,3.02819440521,0.004939850171029192,3.02819440521,0.0003150921307611786,3.9554688246,1.89199619464,0.015962920809995087
2,2.98026336634,0.0014071326081070907,3,128,0.005422011039564407,3.0085410902,0.0006138364384074241,3.0085410902,1.9883120321729975e-05,3.98615763782,1.97251379403,0.0040674904347413315
2,2.99488678206,0.00017651607918495172,4,512,0.0006803727981232065,2.99978545137,7.674096639137458e-05,2.99978545137,1.2461200676779896e-06,3.99602919294,1.99308852963,0.0010217557934344374
2,2.99858175863,2.2086211079674032e-05,5,2048,8.512874963231797e-05,2.9984776286,9.602748538257532e-06,2.9984776286,7.793743464517349e-08,3.99898282798,1.99826664067,0.0002557460358339718
2,2.99958050561,2.76157925637132e-06,6,8192,1.068463650676266e-05,2.99901235582,1.2011655831554113e-06,2.99901235582,4.872102219184107e-09,3.99970013801,1.99955114395,6.395640419112164e-05
