Degree,FluxConvRates,FluxErrors,Mesh,NumCells,PostProccssedDivFluxErrors,PostProccssedDivFluxRates,PostProcessedFluxErrors,PostProcessedFluxRates,PostProcessedScalarErrors,PostProcessedScalarRates,ScalarConvRates,ScalarErrors
3,---,0.014704690680702924,1,8,0.05649262012387258,---,0.005688952518898215,---,0.0007091696560597752,---,---,0.010055734274374974
3,3.92800526592,0.0009660697537902802,2,32,0.0037363947503937242,4.05180751632,0.00034301784171863976,4.05180751632,2.258927477318384e-05,4.97242094856,2.91296333039,0.0013351327522831988
3,3.98245162552,6.111827519941682e-05,3,128,0.00023685063346623748,4.01387631889,2.1233399900378557e-05,4.01387631889,7.094488517791887e-07,4.99279546774,2.97807073794,0.0001694477585708063
3,3.99555067639,3.831691070179459e-06,4,512,1.4855587849287356e-05,4.00165610563,1.3255649709666902e-06,4.00165610563,2.2195404507397658e-08,4.99836576903,2.9944962771,2.1261927215085343e-05
3,3.998818157,2.396769527248189e-07,5,2048,9.482564738216098e-07,3.99935136012,8.288506767663882e-08,3.99935136012,6.936982473000737e-10,4.99980895207,2.9986218464,2.6602809572006477e-06
3,3.98010981166,1.518776382348623e-08,6,8192,2.6170714827240226e-06,3.8520629866,5.739707913521339e-09,3.8520629866,2.1899577067391524e-11,4.98533332611,2.9996541493,3.326148463335937e-07
