Degree,FluxConvRates,FluxErrors,Mesh,NumCells,PostProccssedDivFluxErrors,PostProccssedDivFluxRates,PostProcessedFluxErrors,PostProcessedFluxRates,PostProcessedScalarErrors,PostProcessedScalarRates,ScalarConvRates,ScalarErrors
1,---,0.3745854260419415,1,8,1.4432387411611214,---,0.23556410303821904,---,0.03100656151866806,---,---,0.17000063879924188
1,1.90743640783,0.09985166309739624,2,32,0.3846253261284705,1.96513128345,0.06033171189679235,1.96513128345,0.003947203639437959,2.97367069068,1.81561087034,0.04829444959864044
1,1.9801811498,0.025308207106641657,3,128,0.0977183901959959,1.99254191832,0.015161101786277068,1.99254191832,0.00048441575598732914,3.02651325531,1.94295469916,0.012560576595021015
1,1.9965201393,0.006342331397797257,4,512,0.024528403776145843,1.99811829984,0.0037952223098633403,1.99811829984,5.9601079061785175e-05,3.02283543489,1.98070310849,0.0031824275690554107
1,1.99983965301,0.0015857590873597054,5,2048,0.006138294841866717,1.99941386184,0.0009491911365223405,1.99941386184,7.379638743253098e-06,3.01371635191,1.9926756792,0.0007996563254921413
1,2.00031144788,0.00039635419796901013,6,8192,0.001534961158317183,1.99978078558,0.00023733384375917402,1.99978078558,9.177269642310094e-07,3.00741329156,1.99691802777,0.00020034160639109636
