Degree,FluxConvRates,FluxErrors,Mesh,NumCells,PostProccssedDivFluxErrors,PostProccssedDivFluxRates,PostProcessedFluxErrors,PostProcessedFluxRates,PostProcessedScalarErrors,PostProcessedScalarRates,ScalarConvRates,ScalarErrors
1,---,0.3762285329264439,1,8,1.4432387411611214,---,0.22661101752874283,---,0.027699211402713638,---,---,0.28378540756531784
1,1.91172701503,0.09999183859664454,2,32,0.384625326128471,2.00666473884,0.05639164235905428,2.00666473884,0.0032803290106385107,3.07793247656,0.858890953906,0.15647253545404363
1,1.97781558041,0.025385325615416867,3,128,0.097718390195997,2.00408022049,0.014058095302327194,2.00408022049,0.00039749384293141283,3.04483610288,0.965718246017,0.08011760541189324
1,1.99410696975,0.006372307517154385,4,512,0.024528403776227736,1.99875667862,0.003517553964259272,1.99875667862,4.916761819889272e-05,3.01515213938,0.991546034013,0.04029423009817421
1,1.99832031224,0.0015949327323897553,5,2048,0.006138303866863124,1.99818232162,0.0008804971472814596,1.99818232162,6.124971283553897e-06,3.00493348385,0.997893229467,0.020176557414732114
1,1.99946922573,0.00039887990589459175,6,8192,0.001670670079449341,1.99873643152,0.00022031716469300772,1.99873643152,7.64672240751569e-07,3.00178967296,0.99947350331,0.010091960992601616
