Degree,FluxConvRates,FluxErrors,Mesh,NumCells,PostProccssedDivFluxErrors,PostProccssedDivFluxRates,PostProcessedFluxErrors,PostProcessedFluxRates,PostProcessedScalarErrors,PostProcessedScalarRates,ScalarConvRates,ScalarErrors
1,---,0.3745854260419375,1,8,1.4432387411611207,---,0.23556410303821704,---,0.031006561518666795,---,---,0.1700006387992416
1,1.90743640783,0.09985166309739958,2,32,0.3846253261284706,1.96513128345,0.060331711896792144,1.96513128345,0.0039472036394383936,2.97367069068,1.81561087034,0.04829444959863975
1,1.9801811498,0.025308207106705966,3,128,0.09771839019599582,1.99254191832,0.015161101786276061,1.99254191832,0.00048441575599344165,3.02651325529,1.94295469916,0.012560576595019331
1,1.99652013893,0.006342331399403932,4,512,0.02452840377614576,1.99811829981,0.0037952223099539844,1.99811829981,5.9601079120961045e-05,3.02283543348,1.98070310849,0.003182427569054798
1,1.99983966577,0.0015857590737413877,5,2048,0.006138294841871248,1.99941386247,0.0009491911361349623,1.99941386247,7.379638463121537e-06,3.01371640811,1.9926756792,0.000799656325491183
1,2.0003113626,0.0003963542179941458,6,8192,0.0015349611460045648,1.99978078311,0.0002373338440690914,1.99978078311,9.177273036241844e-07,3.00741270326,1.99691802795,0.00020034160636518185
