Degree,FluxConvRates,FluxErrors,Mesh,NumCells,PostProccssedDivFluxErrors,PostProccssedDivFluxRates,PostProcessedFluxErrors,PostProcessedFluxRates,PostProcessedScalarErrors,PostProcessedScalarRates,ScalarConvRates,ScalarErrors
3,---,0.014642479107271318,1,8,0.05649262012387179,---,0.0060770910040395315,---,0.0007318955462359503,---,---,0.006202921949050227
3,3.92111336822,0.0009665890541467822,2,32,0.0037363947503923005,4.00544735737,0.0003783867665842761,4.00544735737,2.3339245486437565e-05,4.97080793912,3.86823990102,0.00042475654139033066
3,3.98271603123,6.113992240040811e-05,3,128,0.00023685063346425353,4.00486409974,2.3569573111701282e-05,4.00486409974,7.294333198199885e-07,4.99983800986,3.96005794089,2.7292533439947256e-05
3,3.99690016698,3.829464459202662e-06,4,512,1.4855584559823455e-05,4.00175212633,1.4713103548744523e-06,4.00175212633,2.2755840026619523e-08,5.00246735296,3.98638785137,1.7219539519517155e-06
3,3.99983662733,2.39368633582442e-07,5,2048,9.293099470929115e-07,4.00057110897,9.19205020898302e-08,4.00057110897,7.102170662866702e-10,5.00183300555,3.99476640777,1.0801324635785482e-07
3,3.9999054893,1.496151969338571e-08,6,8192,7.913019528759831e-08,4.00015146146,5.7444282696536195e-09,4.00015146146,2.218892330110927e-11,5.00034845949,3.99777347997,6.761254534813265e-09
