Degree,FluxConvRates,FluxErrors,Mesh,NumCells,PostProccssedDivFluxErrors,PostProccssedDivFluxRates,PostProcessedFluxErrors,PostProcessedFluxRates,PostProcessedScalarErrors,PostProcessedScalarRates,ScalarConvRates,ScalarErrors
3,---,0.015561968547977744,1,8,0.05649262012387219,---,0.0072732497126852015,---,0.0008131380218434263,---,---,0.00414139042790822
3,3.58500094486,0.0012967961555665623,2,32,0.003736394750392064,3.37669229775,0.0007002334139529174,3.37669229775,3.33484900941667e-05,4.60780690809,4.26322343277,0.00021566915854373463
3,3.32298752466,0.0001295844214863196,3,128,0.00023685063346468323,3.14668477891,7.906719379781695e-05,3.14668477891,1.6535825523876113e-06,4.33395446596,4.10727572974,1.2513386211346285e-05
3,3.1123310499,1.4984690999507274e-05,4,512,1.4855584518604026e-05,3.04882507498,9.554512353104443e-06,3.04882507498,9.506835124130474e-08,4.1204861211,4.03146614138,7.652134831043814e-07
3,3.03029200733,1.834167534225416e-06,5,2048,9.29294875805112e-07,3.01611431631,1.1810482670384412e-06,3.01611431631,5.796629857182266e-09,4.03567886956,4.00829429169,4.755167291663273e-08
3,3.00726025061,2.2812005190289134e-07,6,8192,5.809838976113663e-08,3.00573613484,1.4704521986779254e-07,3.00573613484,3.5971893292855967e-10,4.01027236619,4.00213741513,2.9675797010680127e-09
