Degree,FluxConvRates,FluxErrors,Mesh,NumCells,PostProccssedDivFluxErrors,PostProccssedDivFluxRates,PostProcessedFluxErrors,PostProcessedFluxRates,PostProcessedScalarErrors,PostProcessedScalarRates,ScalarConvRates,ScalarErrors
3,---,0.01464247910726659,1,8,0.05649262012387121,---,0.006077091004036007,---,0.0007318955462356168,---,---,0.006202921949049959
3,3.92111336824,0.0009665890541357999,2,32,0.0037363947503920277,4.0054473574,0.00037838676657659753,4.0054473574,2.3339245486179993e-05,4.97080793913,3.86823990102,0.0004247565413894818
3,3.98271603083,6.113992241684477e-05,3,128,0.000236850633464277,4.00486409874,2.356957312769001e-05,4.00486409874,7.294333198140045e-07,4.99983800986,3.9600579409,2.7292533439784473e-05
3,3.99690019674,3.8294643812330465e-06,4,512,1.4855584553500276e-05,4.00175213589,1.4713103461264542e-06,4.00175213589,2.2755839794299356e-08,5.00246736767,3.98638785254,1.7219539505467168e-06
3,3.99984120639,2.3936786896177304e-07,5,2048,9.293221160356692e-07,4.00057085396,9.1920517791232e-08,4.00057085396,7.102144448205281e-10,5.00183831593,3.994766405,1.0801324647700648e-07
3,4.00056375149,1.4954646949135255e-08,6,8192,7.359733162060758e-08,4.00019347207,5.744261978242302e-09,4.00019347207,2.2177542579626336e-11,5.00108328397,3.9977740316,6.76125195702574e-09
