Mesh,ScalarErrors,ScalarConvRates,FluxErrors,FluxConvRates,PostProcessedScalarErrors,PostProcessedScalarRates,PostProcessedFluxErrors,PostProcessedFluxRates
1,6.202921949e-3,---,1.464247911e-2,---,7.318955462e-4,---,6.077091004e-3,---
2,4.247565414e-4,3.87,9.665890541e-4,3.92,2.333924549e-5,4.97,3.783867666e-4,4.01
3,2.729253344e-5,3.96,6.113992242e-5,3.98,7.294333199e-7,5.00,2.356957313e-5,4.00
4,1.721953951e-6,3.99,3.829464372e-6,4.00,2.275583973e-8,5.00,1.471310341e-6,4.00
5,1.080132465e-7,3.99,2.393678352e-7,4.00,7.102142920e-10,5.00,9.192052108e-8,4.00
6,6.761251946e-9,4.00,1.495468540e-8,4.00,2.217761102e-11,5.00,5.744266774e-9,4.00
