Degree,FluxConvRates,FluxErrors,Mesh,NumCells,PostProccssedDivFluxErrors,PostProccssedDivFluxRates,PostProcessedFluxErrors,PostProcessedFluxRates,PostProcessedScalarErrors,PostProcessedScalarRates,ScalarConvRates,ScalarErrors
2,---,0.08838543179637225,1,8,0.32126818637238347,---,0.04911401949139829,---,0.005668383404419119,---,---,0.023846887276289103
2,2.60337075387,0.01454413848784655,2,32,0.04271167966124836,2.40981422982,0.00924227977695376,2.40981422982,0.0004724243490012826,3.58478211514,3.26317715959,0.0024838049748699804
2,2.35765903529,0.002837670151653629,3,128,0.005422011039565869,2.15502242221,0.002075165414489347,2.15502242221,4.6581510405609704e-05,3.34225399911,3.10746479755,0.000288188985425708
2,2.13229361104,0.0006472582214734362,4,512,0.000680372798094815,2.04652998793,0.0005023261732700509,2.04652998793,5.3285480291659985e-06,3.12794304661,3.03128043669,3.525096751614536e-05
2,2.03731530795,0.00015768288497950648,5,2048,8.512872399373858e-05,2.013253988,0.00012443311351707602,2.013253988,6.488635890796673e-07,3.03775535127,3.00820152331,4.381392392535593e-06
2,2.00942755487,3.916395916788713e-05,6,8192,1.0643658705589578e-05,2.00392466003,3.102376744686133e-05,2.00392466003,8.052014191321893e-08,3.01049359153,3.0021083956,5.468742471923146e-07
