Degree,FluxConvRates,FluxErrors,Mesh,NumCells,PostProccssedDivFluxErrors,PostProccssedDivFluxRates,PostProcessedFluxErrors,PostProcessedFluxRates,PostProcessedScalarErrors,PostProcessedScalarRates,ScalarConvRates,ScalarErrors
1,---,0.39203297745496707,1,8,1.4432387411611212,---,0.2627347779967153,---,0.038570497634075836,---,---,0.10963066224943378
1,1.64094151801,0.12570425629202167,2,32,0.3846253261284704,1.45009258219,0.09616038646664213,1.45009258219,0.008082831349879532,2.25456510872,2.2289078611,0.023386429091852512
1,1.41007016888,0.04730168004495317,3,128,0.09771839019599586,1.17747209885,0.04251496043685745,1.17747209885,0.0019071472235371722,2.08344452803,2.09129274873,0.005488100639079431
1,1.16234672054,0.02113369025371203,4,512,0.02452840377614548,1.05250363068,0.020497770008135234,1.05250363068,0.0004698858956237932,2.02103384908,2.02592341183,0.0013475917726420215
1,1.04776577853,0.010222718693099197,5,2048,0.006138294841848622,1.01385658381,0.010150919246800123,1.01385658381,0.0001170576579589537,2.00509114437,2.00666947491,0.00033534408277664015
1,1.01251652238,0.0050672060643184875,6,8192,0.0015349611186983348,1.00352568174,0.005063071275728171,1.00352568174,2.9239235021472867e-05,2.00124184719,2.00167574813,8.373869832777674e-05
