Degree,FluxConvRates,FluxErrors,Mesh,NumCells,PostProccssedDivFluxErrors,PostProccssedDivFluxRates,PostProcessedFluxErrors,PostProcessedFluxRates,PostProcessedScalarErrors,PostProcessedScalarRates,ScalarConvRates,ScalarErrors
2,---,0.08362199087804989,1,8,0.3212681863723822,---,0.04249295523991206,---,0.00506325933358673,---,---,0.036209648044682505
2,2.91305347286,0.011102071724441468,2,32,0.04271167966124913,2.98442973792,0.005369255426967072,2.98442973792,0.0003266419887347692,3.95428421756,2.84985824388,0.0050226334970244705
2,2.98184378974,0.001405334168726924,3,128,0.005422011039565824,2.99900332645,0.0006716207516008594,2.99900332645,2.046522027643366e-05,3.99646415608,2.95329221399,0.000648488003431097
2,2.99712508372,0.00017601717833131832,4,512,0.0006803727980964906,3.0004658167,8.392549175173786e-05,3.0004658167,1.2770770845218512e-06,4.00225668122,2.98389502653,8.197096341937335e-05
2,3.00008959285,2.2000780977729396e-05,5,2048,8.512872417345597e-05,3.00038260265,1.0487904708349192e-05,3.00038260265,7.969883942884991e-08,4.00214308278,2.99377451097,1.0290680896978702e-05
2,3.00042350285,2.7492904500615106e-06,6,8192,1.0643697040811502e-05,3.00021735515,1.3107905911278946e-06,3.00021735515,4.976579594397534e-09,4.00133229291,2.99733902895,1.288709875332149e-06
