Mesh,ScalarErrors,ScalarConvRates,FluxErrors,FluxConvRates,PostProcessedScalarErrors,PostProcessedScalarRates,PostProcessedFluxErrors,PostProcessedFluxRates
1,2.837854076e-1,---,3.762285329e-1,---,2.769921140e-2,---,2.266110175e-1,---
2,1.564725355e-1,0.86,9.999183860e-2,1.91,3.280329011e-3,3.08,5.639164236e-2,2.01
3,8.011760541e-2,0.97,2.538532562e-2,1.98,3.974938429e-4,3.04,1.405809530e-2,2.00
4,4.029423010e-2,0.99,6.372307529e-3,1.99,4.916761887e-5,3.02,3.517553974e-3,2.00
5,2.017655741e-2,1.00,1.594932638e-3,2.00,6.124968591e-6,3.00,8.804970813e-4,2.00
6,1.009196100e-2,1.00,3.988808945e-4,2.00,7.646613507e-7,3.00,2.203208019e-4,2.00
