Mesh,ScalarErrors,ScalarConvRates,FluxErrors,FluxConvRates,PostProcessedScalarErrors,PostProcessedScalarRates,PostProcessedFluxErrors,PostProcessedFluxRates
1,1.700006388e-1,---,3.745854260e-1,---,3.100656152e-2,---,2.355641030e-1,---
2,4.829444960e-2,1.82,9.985166310e-2,1.91,3.947203639e-3,2.97,6.033171190e-2,1.97
3,1.256057660e-2,1.94,2.530820711e-2,1.98,4.844157560e-4,3.03,1.516110179e-2,1.99
4,3.182427569e-3,1.98,6.342331398e-3,2.00,5.960107906e-5,3.02,3.795222310e-3,2.00
5,7.996563255e-4,1.99,1.585759087e-3,2.00,7.379638743e-6,3.01,9.491911365e-4,2.00
6,2.003416064e-4,2.00,3.963541980e-4,2.00,9.177269642e-7,3.01,2.373338438e-4,2.00
