Degree,FluxConvRates,FluxErrors,Mesh,NumCells,PostProccssedDivFluxErrors,PostProccssedDivFluxRates,PostProcessedFluxErrors,PostProcessedFluxRates,PostProcessedScalarErrors,PostProcessedScalarRates,ScalarConvRates,ScalarErrors
1,---,0.3762285329264435,1,8,1.4432387411611205,---,0.2266110175287393,---,0.02769921140271376,---,---,0.28378540756531556
1,1.91172701503,0.0999918385966295,2,32,0.3846253261284706,2.00666473884,0.05639164235904758,2.00666473884,0.0032803290106353444,3.07793247657,0.858890953907,0.15647253545402992
1,1.97781558042,0.025385325615208502,3,128,0.09771839019599815,2.00408022045,0.014058095302725008,2.00408022045,0.0003974938428994757,3.04483610299,0.965718246017,0.08011760541191833
1,1.99410696702,0.006372307529150293,4,512,0.024528403776371045,1.99875667485,0.0035175539735677968,1.99875667485,4.916761887486115e-05,3.01515211943,0.99154603401,0.04029423009826841
1,1.99832040022,0.0015949326381274045,5,2048,0.006138300901393647,1.99818243358,0.0008804970812834672,1.99818243358,6.12496859058379e-06,3.004934138,0.997893229567,0.020176557413379984
1,1.99946556468,0.0003988808945358682,6,8192,0.001781224138810231,1.99871250623,0.00022032080189352565,1.99871250623,7.646613506986208e-07,3.00180958489,0.999473502139,0.01009196100011436
