Degree,FluxConvRates,FluxErrors,Mesh,NumCells,PostProcessedFluxErrors,PostProcessedFluxRates,PostProcessedScalarErrors,PostProcessedScalarRates,ScalarConvRates,ScalarErrors
3,---,0.014642479107271827,1,8,0.006077091004039465,---,0.0007318955462360565,---,---,0.00620292194905029
3,3.92111336822,0.0009665890541475599,2,32,0.0003783867665852033,4.00544735737,2.3339245486404152e-05,4.97080793912,3.86823990102,0.0004247565413903748
3,3.98271603142,6.113992239240665e-05,3,128,2.3569573105755094e-05,4.00486410011,7.294333197221661e-07,4.99983801005,3.96005794088,2.7292533440246083e-05
3,3.99690016854,3.82946445454169e-06,4,512,1.471310355013795e-06,4.00175212583,2.2755839950562565e-08,5.00246735759,3.98638785146,1.721953951861206e-06
3,3.99983676006,2.3936861126790746e-07,5,2048,9.192048069301618e-08,4.00057144493,7.102170109226863e-10,5.00183311319,3.99476640853,1.0801324629531246e-07
3,3.99989947157,1.4961580705787424e-08,6,8192,5.744454302422934e-09,4.00014458761,2.2185608447378228e-11,5.00056389062,3.99777344622,6.7612546890635195e-09
