Degree,FluxConvRates,FluxErrors,Mesh,NumCells,PostProccssedDivFluxErrors,PostProccssedDivFluxRates,PostProcessedFluxErrors,PostProcessedFluxRates,PostProcessedScalarErrors,PostProcessedScalarRates,ScalarConvRates,ScalarErrors
2,---,0.08398045944937518,1,8,0.32126818637238314,---,0.04029870825245093,---,0.004888237745295656,---,---,0.059246127034384394
2,2.9189601151,0.011104108469543695,2,32,0.042711679661249356,3.0281944052,0.004939850171066803,3.0281944052,0.0003150921307606295,3.9554688246,1.89199619466,0.015962920809816206
2,2.98026336625,0.0014071326081949442,3,128,0.0054220110395676235,3.00854108956,0.0006138364386848197,3.00854108956,1.9883120318964833e-05,3.98615763802,1.97251379393,0.004067490434979738
2,2.99488678028,0.00017651607941410495,4,512,0.0006803727981102266,2.99978545829,7.674096605785491e-05,2.99978545829,1.2461200733756152e-06,3.99602918614,1.99308853058,0.0010217557928204116
2,2.99858182109,2.2086210152123264e-05,5,2048,8.51287371906578e-05,2.99847758797,9.60274876694737e-06,2.99847758797,7.793743101265607e-08,3.99898290182,1.99826733743,0.0002557459121648729
2,2.99954234972,2.7616521786285515e-06,6,8192,1.0693208986123299e-05,2.99879081814,1.2013500747694214e-06,2.99879081814,4.872029886811642e-09,3.99972148952,1.99983870868,6.394362645112292e-05
