Degree,FluxConvRates,FluxErrors,Mesh,NumCells,PostProccssedDivFluxErrors,PostProccssedDivFluxRates,PostProcessedFluxErrors,PostProcessedFluxRates,PostProcessedScalarErrors,PostProcessedScalarRates,ScalarConvRates,ScalarErrors
1,---,0.392032977454969,1,8,1.443238741161121,---,0.26273477799671524,---,0.0385704976340764,---,---,0.10963066224943394
1,1.64094151801,0.1257042562920251,2,32,0.3846253261284706,1.45009258219,0.09616038646664195,1.45009258219,0.008082831349880413,2.25456510872,2.2289078611,0.023386429091852623
1,1.41007016888,0.04730168004495942,3,128,0.09771839019599565,1.17747209885,0.042514960436857284,1.17747209885,0.001907147223536463,2.08344452803,2.09129274873,0.005488100639079188
1,1.16234672054,0.021133690253729014,4,512,0.02452840377614578,1.05250363068,0.020497770008134242,1.05250363068,0.0004698858956148586,2.02103384911,2.02592341183,0.0013475917726389604
1,1.04776577852,0.010222718693134474,5,2048,0.0061382948418486835,1.01385658381,0.010150919246798118,1.01385658381,0.00011705765794863224,2.00509114447,2.00666947492,0.00033534408277301366
1,1.01251652236,0.005067206064393043,6,8192,0.0015349611186981813,1.00352568174,0.005063071275723639,1.00352568174,2.923923497261973e-05,2.00124184947,2.00167574841,8.373869831069721e-05
