Degree,FluxConvRates,FluxErrors,Mesh,NumCells,PostProccssedDivFluxErrors,PostProccssedDivFluxRates,PostProcessedFluxErrors,PostProcessedFluxRates,PostProcessedScalarErrors,PostProcessedScalarRates,ScalarConvRates,ScalarErrors
1,---,0.3920329774549664,1,8,1.4432387411611214,---,0.2627347779967146,---,0.038570497634075926,---,---,0.10963066224943377
1,1.64094151801,0.12570425629202123,2,32,0.38462532612847045,1.45009258219,0.09616038646664224,1.45009258219,0.00808283134987986,2.25456510872,2.2289078611,0.02338642909185254
1,1.41007016888,0.047301680044952304,3,128,0.09771839019599574,1.17747209885,0.04251496043685742,1.17747209885,0.001907147223536594,2.08344452803,2.09129274873,0.0054881006390792705
1,1.16234672054,0.02113369025371202,4,512,0.02452840377614563,1.05250363068,0.020497770008135085,1.05250363068,0.00046988589562107347,2.02103384909,2.02592341183,0.0013475917726411104
1,1.04776577853,0.010222718693099988,5,2048,0.006138294841848656,1.01385658381,0.010150919246800033,1.01385658381,0.0001170576579671862,2.00509114426,2.0066694749,0.0003353440827794895
1,1.01251652238,0.005067206064319319,6,8192,0.001534961118698388,1.00352568174,0.005063071275728094,1.00352568174,2.923923504190278e-05,2.00124184628,2.00167574802,8.373869833489485e-05
