Degree,FluxConvRates,FluxErrors,Mesh,NumCells,PostProccssedDivFluxErrors,PostProccssedDivFluxRates,PostProcessedFluxErrors,PostProcessedFluxRates,PostProcessedScalarErrors,PostProcessedScalarRates,ScalarConvRates,ScalarErrors
3,---,0.014704690680707044,1,8,0.056492620123873724,---,0.005688952518903712,---,0.0007091696560601997,---,---,0.010055734274373677
3,3.92800526597,0.0009660697537533388,2,32,0.003736394750390558,4.05180751649,0.0003430178416766551,4.05180751649,2.2589274771909656e-05,4.97242094865,2.91296333038,0.0013351327522876668
3,3.98245162958,6.111827502489639e-05,3,128,0.00023685063346238133,4.01387633579,2.1233399649001092e-05,4.01387633579,7.09448850682389e-07,4.99279546988,2.97807073797,0.0001694477585680675
3,3.99555074807,3.831690868870837e-06,4,512,1.4855588192651316e-05,4.00165559098,1.3255654281455984e-06,4.00165559098,2.219539747218791e-08,4.99836622408,2.99449627768,2.126192720625788e-05
3,3.99882744594,2.396753969534059e-07,5,2048,9.400850229219639e-07,3.99940172618,8.288220270424718e-08,3.99940172618,6.936970155515908e-10,4.99981105648,2.99862182286,2.660280999509951e-06
3,3.97089672405,1.528496440530373e-08,6,8192,3.598913261471293e-06,3.78966862148,5.993180472783587e-09,3.78966862148,2.1920251092455977e-11,4.98396944847,2.99965428438,3.326148204792588e-07
