Degree,FluxConvRates,FluxErrors,Mesh,NumCells,PostProccssedDivFluxErrors,PostProccssedDivFluxRates,PostProcessedFluxErrors,PostProcessedFluxRates,PostProcessedScalarErrors,PostProcessedScalarRates,ScalarConvRates,ScalarErrors
1,---,0.39203297745496707,1,8,1.4432387411611214,---,0.26273477799671446,---,0.03857049763407607,---,---,0.10963066224943384
1,1.64094151801,0.12570425629202492,2,32,0.38462532612847034,1.45009258219,0.09616038646664213,1.45009258219,0.008082831349880165,2.25456510872,2.2289078611,0.023386429091852637
1,1.41007016888,0.047301680044960985,3,128,0.09771839019599575,1.17747209885,0.04251496043685713,1.17747209885,0.0019071472235368853,2.08344452803,2.09129274873,0.005488100639079362
1,1.16234672054,0.02113369025373474,4,512,0.024528403776145534,1.05250363068,0.020497770008133794,1.05250363068,0.0004698858956214223,2.02103384909,2.02592341183,0.0013475917726412125
1,1.04776577852,0.010222718693146676,5,2048,0.006138294841848799,1.01385658381,0.010150919246797327,1.01385658381,0.00011705765796753266,2.00509114425,2.0066694749,0.00033534408277959156
1,1.01251652236,0.005067206064413629,6,8192,0.001534961118698421,1.00352568174,0.005063071275722544,1.00352568174,2.9239235042249355e-05,2.00124184627,2.00167574802,8.37386983349971e-05
