Degree,FluxConvRates,FluxErrors,Mesh,NumCells,PostProcessedFluxErrors,PostProcessedFluxRates,PostProcessedScalarErrors,PostProcessedScalarRates,ScalarConvRates,ScalarErrors
2,---,0.08398045944937282,1,8,0.04029870825245231,---,0.004888237745295434,---,---,0.05924612703438455
2,2.91896011511,0.01110410846953671,2,32,0.0049398501710555725,3.02819440521,0.00031509213076060883,3.9554688246,1.89199619466,0.015962920809816258
2,2.98026336628,0.0014071326081604677,3,128,0.0006138364386549129,3.00854108962,1.9883120318587636e-05,3.98615763805,1.97251379393,0.004067490434980607
2,2.99488678025,0.00017651607941413221,4,512,7.674096601096248e-05,2.9997854591,1.2461200737917745e-06,3.99602918563,1.99308853058,0.0010217557928220967
2,2.99858182335,2.2086210117584324e-05,5,2048,9.60274871088364e-06,2.99847759551,7.793743148093916e-08,3.99898289363,1.99826733746,0.00025574591216131446
2,2.9995427686,2.761651372481137e-06,6,8192,1.2013507019385488e-06,2.99879005656,4.87202581711212e-09,3.9997227033,1.99983870879,6.394362644547973e-05
