Mesh,ScalarErrors,ScalarConvRates,FluxErrors,FluxConvRates,PostProcessedScalarErrors,PostProcessedScalarRates,PostProcessedFluxErrors,PostProcessedFluxRates
1,3.125674002e-3,---,2.892871160e-2,---,1.631833605e-3,---,1.959776574e-2,---
2,2.032514631e-4,3.94,3.506587534e-3,3.04,9.349796028e-5,4.13,2.474823441e-3,2.99
3,1.277385482e-5,3.99,4.348431764e-4,3.01,5.606366471e-6,4.06,3.056590623e-4,3.02
4,7.983932722e-7,4.00,5.429617003e-5,3.00,3.448038055e-7,4.02,3.784704688e-5,3.01
5,4.987352175e-8,4.00,6.788385600e-6,3.00,2.141522767e-8,4.01,4.705981631e-6,3.01
6,3.115921692e-9,4.00,8.487883329e-7,3.00,1.334944555e-9,4.00,5.866499833e-7,3.00
